txn_id,source_id,target_id,quantity,price,timestamp,region,product_category
TXN-000001,DST-030,RTL-088,189,155.08,2025-01-01 01:35:15,east,electronics
TXN-000002,MFG-003,DST-035,1326,10.1,2025-01-01 03:17:36,east,medicine
TXN-000003,DST-034,RTL-043,110,36.29,2025-01-01 10:16:24,north,fertilizer
TXN-000004,DST-022,RTL-011,239,27.95,2025-01-01 18:59:23,north,medicine
TXN-000005,DST-015,RTL-083,397,3.25,2025-01-02 00:26:41,central,seeds
TXN-000006,MFG-010,DST-019,3696,3.64,2025-01-02 00:40:14,north,seeds
TXN-000007,MFG-001,DST-039,510,4.09,2025-01-02 08:30:29,central,seeds
TXN-000008,MFG-011,DST-029,607,3.93,2025-01-02 08:44:30,central,seeds
TXN-000009,MFG-012,DST-019,3973,3.17,2025-01-02 18:28:02,south,seeds
TXN-000010,MFG-003,DST-035,3701,9.12,2025-01-03 01:50:32,east,medicine
TXN-000011,MFG-002,DST-033,1657,13.27,2025-01-03 05:03:29,west,fertilizer
TXN-000012,DST-018,RTL-033,20,34.52,2025-01-03 10:48:58,east,fertilizer
TXN-000013,DST-031,RTL-021,147,28.85,2025-01-03 11:24:46,north,fertilizer
TXN-000014,MFG-002,DST-037,985,13.76,2025-01-03 15:26:49,west,fertilizer
TXN-000015,DST-023,RTL-088,354,39.78,2025-01-03 22:56:04,central,fertilizer
TXN-000016,MFG-003,DST-018,2283,13.12,2025-01-03 23:43:19,east,fertilizer
TXN-000017,DST-015,RTL-083,46,3.47,2025-01-04 06:42:54,central,seeds
TXN-000018,DST-013,RTL-015,256,30.92,2025-01-04 08:32:53,east,medicine
TXN-000019,DST-024,RTL-084,317,32.85,2025-01-04 09:21:52,central,medicine
TXN-000020,DST-030,RTL-024,164,127.42,2025-01-04 19:23:38,north,electronics
TXN-000021,DST-038,RTL-076,32,123.77,2025-01-04 22:31:14,west,electronics
TXN-000022,MFG-008,DST-004,3912,10.9,2025-01-05 03:52:38,east,fertilizer
TXN-000023,MFG-012,DST-035,4283,9.32,2025-01-05 10:05:05,south,medicine
TXN-000024,DST-033,RTL-004,365,32.81,2025-01-05 17:10:57,west,fertilizer
TXN-000025,MFG-004,DST-036,4897,12.62,2025-01-05 20:29:36,central,fertilizer
TXN-000026,DST-009,RTL-039,177,30.13,2025-01-06 02:49:25,east,medicine
TXN-000027,DST-013,RTL-045,289,23.79,2025-01-06 09:21:27,east,medicine
TXN-000028,DST-010,RTL-019,137,23.16,2025-01-06 12:19:43,central,medicine
TXN-000029,DST-022,RTL-011,155,30.62,2025-01-06 13:19:14,north,medicine
TXN-000030,MFG-003,DST-027,2070,60.5,2025-01-06 14:36:59,east,electronics
TXN-000031,DST-033,RTL-056,69,45.21,2025-01-07 06:52:59,west,fertilizer
TXN-000032,DST-005,RTL-015,367,156.19,2025-01-07 19:29:12,east,electronics
TXN-000033,MFG-002,DST-022,994,10.65,2025-01-08 03:10:19,west,medicine
TXN-000034,DST-040,RTL-076,101,36.98,2025-01-08 04:06:00,west,fertilizer
TXN-000035,MFG-001,DST-025,1295,4.09,2025-01-08 04:34:15,central,seeds
TXN-000036,DST-001,RTL-075,218,7.81,2025-01-08 16:37:12,west,seeds
TXN-000037,MFG-007,DST-025,2188,3.36,2025-01-10 03:00:47,central,seeds
TXN-000038,MFG-009,DST-006,3645,51.12,2025-01-10 15:43:17,north,electronics
TXN-000039,DST-008,RTL-074,372,126.18,2025-01-11 04:41:20,south,electronics
TXN-000040,DST-028,RTL-053,134,22.85,2025-01-12 05:54:51,west,medicine
TXN-000041,DST-011,RTL-083,128,40.4,2025-01-12 12:46:47,central,fertilizer
TXN-000042,MFG-008,DST-028,3189,10.76,2025-01-12 23:53:13,east,medicine
TXN-000043,DST-003,RTL-067,114,43.48,2025-01-13 01:17:22,east,fertilizer
TXN-000044,DST-033,RTL-056,252,41.69,2025-01-13 16:19:44,west,fertilizer
TXN-000045,DST-014,RTL-025,160,39.91,2025-01-13 20:01:26,north,fertilizer
TXN-000046,DST-023,RTL-003,364,33.17,2025-01-13 23:55:23,central,fertilizer
TXN-000047,DST-017,RTL-087,134,29.0,2025-01-14 04:41:28,central,fertilizer
TXN-000048,MFG-003,DST-026,4230,9.93,2025-01-14 07:55:38,east,medicine
TXN-000049,DST-038,RTL-084,231,148.15,2025-01-14 10:33:43,west,electronics
TXN-000050,MFG-010,DST-019,3787,3.6,2025-01-14 16:16:35,north,seeds
TXN-000051,MFG-003,DST-028,4825,9.15,2025-01-14 23:07:41,east,medicine
TXN-000052,MFG-010,DST-017,2397,12.51,2025-01-15 02:24:36,north,fertilizer
TXN-000053,DST-031,RTL-033,277,39.47,2025-01-15 12:37:04,north,fertilizer
TXN-000054,DST-011,RTL-078,27,43.14,2025-01-15 14:08:31,central,fertilizer
TXN-000055,DST-003,RTL-013,392,44.21,2025-01-15 19:01:58,east,fertilizer
TXN-000056,DST-027,RTL-017,38,175.86,2025-01-15 21:14:47,west,electronics
TXN-000057,DST-031,RTL-032,329,43.71,2025-01-16 03:13:12,north,fertilizer
TXN-000058,DST-032,RTL-075,69,139.91,2025-01-16 05:28:48,central,electronics
TXN-000059,DST-008,RTL-053,396,151.2,2025-01-16 10:59:04,south,electronics
TXN-000060,MFG-005,DST-029,4910,3.4,2025-01-16 12:25:56,north,seeds
TXN-000061,MFG-007,DST-034,2694,14.25,2025-01-16 14:35:59,central,fertilizer
TXN-000062,DST-031,RTL-021,176,37.21,2025-01-16 23:27:20,north,fertilizer
TXN-000063,DST-033,RTL-056,347,36.62,2025-01-17 02:07:31,west,fertilizer
TXN-000064,DST-027,RTL-067,381,145.29,2025-01-17 12:08:08,west,electronics
TXN-000065,MFG-004,DST-024,1948,11.67,2025-01-17 15:50:17,central,medicine
TXN-000066,DST-031,RTL-006,209,42.88,2025-01-17 22:58:17,north,fertilizer
TXN-000067,DST-007,RTL-017,364,29.8,2025-01-18 04:12:42,west,fertilizer
TXN-000068,DST-040,RTL-021,38,32.3,2025-01-18 16:29:11,west,fertilizer
TXN-000069,MFG-006,DST-006,820,57.04,2025-01-18 16:44:51,south,electronics
TXN-000070,MFG-011,DST-026,2088,10.42,2025-01-18 21:49:59,central,medicine
TXN-000071,MFG-004,DST-036,1162,13.59,2025-01-19 01:08:58,central,fertilizer
TXN-000072,DST-011,RTL-036,48,37.93,2025-01-19 01:22:27,central,fertilizer
TXN-000073,MFG-001,DST-013,4494,7.89,2025-01-19 06:25:26,central,medicine
TXN-000074,MFG-003,DST-001,1148,4.21,2025-01-19 12:10:03,east,seeds
TXN-000075,MFG-011,DST-031,2078,14.28,2025-01-19 17:58:22,central,fertilizer
TXN-000076,DST-018,RTL-086,132,42.54,2025-01-20 01:28:42,east,fertilizer
TXN-000077,MFG-002,DST-023,1960,15.54,2025-01-20 10:18:03,west,fertilizer
TXN-000078,MFG-002,DST-033,3307,11.09,2025-01-20 15:49:08,west,fertilizer
TXN-000079,DST-032,RTL-075,318,163.27,2025-01-20 18:23:47,central,electronics
TXN-000080,DST-040,RTL-033,73,28.98,2025-01-20 19:30:03,west,fertilizer
TXN-000081,DST-039,RTL-032,355,7.73,2025-01-20 21:26:03,west,seeds
TXN-000082,MFG-005,DST-005,3664,52.81,2025-01-20 23:52:29,north,electronics
TXN-000083,DST-013,RTL-015,105,24.76,2025-01-21 20:37:35,east,medicine
TXN-000084,DST-011,RTL-055,351,42.96,2025-01-21 21:54:42,central,fertilizer
TXN-000085,MFG-002,DST-037,548,14.17,2025-01-21 23:34:55,west,fertilizer
TXN-000086,MFG-006,DST-006,1948,60.69,2025-01-22 08:38:08,south,electronics
TXN-000087,DST-012,RTL-014,32,33.35,2025-01-22 18:37:13,north,medicine
TXN-000088,DST-019,RTL-011,278,11.35,2025-01-22 21:12:46,south,seeds
TXN-000089,MFG-007,DST-010,3711,10.07,2025-01-23 12:20:13,central,medicine
TXN-000090,DST-004,RTL-049,263,34.99,2025-01-23 13:44:38,east,fertilizer
TXN-000091,DST-012,RTL-025,30,34.14,2025-01-23 20:46:16,north,medicine
TXN-000092,DST-006,RTL-065,190,117.99,2025-01-24 00:27:20,central,electronics
TXN-000093,DST-038,RTL-007,271,146.35,2025-01-24 02:16:46,west,electronics
TXN-000094,DST-020,RTL-065,159,27.63,2025-01-24 08:04:26,south,medicine
TXN-000095,DST-018,RTL-086,141,30.98,2025-01-24 11:44:17,east,fertilizer
TXN-000096,DST-031,RTL-062,147,45.2,2025-01-25 08:26:19,north,fertilizer
TXN-000097,DST-017,RTL-086,317,39.51,2025-01-25 10:49:17,central,fertilizer
TXN-000098,DST-007,RTL-044,369,37.64,2025-01-25 11:22:20,west,fertilizer
TXN-000099,DST-004,RTL-010,92,32.07,2025-01-25 15:05:31,east,fertilizer
TXN-000100,MFG-002,DST-017,3063,13.04,2025-01-25 23:37:21,west,fertilizer
TXN-000101,DST-026,RTL-069,105,26.85,2025-01-26 04:17:00,east,medicine
TXN-000102,DST-015,RTL-061,253,3.05,2025-01-26 08:29:06,central,seeds
TXN-000103,DST-027,RTL-001,367,154.83,2025-01-26 10:27:48,west,electronics
TXN-000104,DST-006,RTL-079,391,132.63,2025-01-26 15:04:57,central,electronics
TXN-000105,MFG-003,DST-018,4435,13.08,2025-01-26 20:01:05,east,fertilizer
TXN-000106,MFG-004,DST-032,1468,59.17,2025-01-26 20:41:49,central,electronics
TXN-000107,DST-019,RTL-082,235,9.82,2025-01-27 03:33:30,south,seeds
TXN-000108,MFG-004,DST-024,3257,8.35,2025-01-27 08:34:52,central,medicine
TXN-000109,DST-006,RTL-018,356,150.82,2025-01-27 17:23:54,central,electronics
TXN-000110,DST-004,RTL-072,213,44.25,2025-01-27 18:01:58,east,fertilizer
TXN-000111,MFG-004,DST-014,915,14.39,2025-01-27 22:13:54,central,fertilizer
TXN-000112,MFG-011,DST-029,1953,3.39,2025-01-27 22:31:33,central,seeds
TXN-000113,DST-031,RTL-006,87,43.61,2025-01-28 08:09:05,north,fertilizer
TXN-000114,DST-012,RTL-061,396,26.1,2025-01-28 09:01:23,north,medicine
TXN-000115,DST-006,RTL-044,192,173.66,2025-01-28 09:57:02,central,electronics
TXN-000116,DST-039,RTL-029,80,10.82,2025-01-28 21:26:20,west,seeds
TXN-000117,MFG-006,DST-006,2829,48.72,2025-01-29 05:18:48,south,electronics
TXN-000118,DST-002,RTL-009,219,8.68,2025-01-29 07:18:28,central,seeds
TXN-000119,DST-029,RTL-027,58,11.69,2025-01-29 13:47:12,east,seeds
TXN-000120,DST-028,RTL-053,186,29.59,2025-01-30 18:11:01,west,medicine
TXN-000121,DST-006,RTL-079,192,115.65,2025-01-30 21:22:21,central,electronics
TXN-000122,MFG-007,DST-024,2418,9.48,2025-01-31 01:36:33,central,medicine
TXN-000123,MFG-006,DST-019,1680,3.72,2025-01-31 11:42:41,south,seeds
TXN-000124,DST-012,RTL-061,387,24.42,2025-01-31 14:42:34,north,medicine
TXN-000125,DST-013,RTL-045,115,22.24,2025-01-31 14:47:31,east,medicine
TXN-000126,MFG-004,DST-024,4338,9.35,2025-01-31 15:18:03,central,medicine
TXN-000127,DST-007,RTL-029,358,43.84,2025-02-01 00:32:22,west,fertilizer
TXN-000128,DST-033,RTL-049,367,40.31,2025-02-01 05:09:04,west,fertilizer
TXN-000129,DST-014,RTL-025,397,44.43,2025-02-01 08:39:42,north,fertilizer
TXN-000130,DST-018,RTL-044,82,34.14,2025-02-01 11:55:01,east,fertilizer
TXN-000131,DST-039,RTL-056,234,11.07,2025-02-01 14:31:33,west,seeds
TXN-000132,DST-019,RTL-082,253,10.38,2025-02-01 16:16:33,south,seeds
TXN-000133,DST-025,RTL-068,253,9.55,2025-02-01 16:35:37,west,seeds
TXN-000134,DST-038,RTL-087,87,118.26,2025-02-01 17:40:04,west,electronics
TXN-000135,MFG-011,DST-031,2266,13.28,2025-02-01 19:07:34,central,fertilizer
TXN-000136,MFG-008,DST-017,1570,13.66,2025-02-01 20:17:39,east,fertilizer
TXN-000137,DST-013,RTL-089,323,24.04,2025-02-02 01:02:02,east,medicine
TXN-000138,DST-002,RTL-085,262,11.29,2025-02-02 02:51:36,central,seeds
TXN-000139,DST-001,RTL-075,330,8.8,2025-02-02 03:56:12,west,seeds
TXN-000140,MFG-001,DST-031,4866,10.22,2025-02-02 20:50:27,central,fertilizer
TXN-000141,DST-027,RTL-015,217,176.49,2025-02-02 21:45:43,west,electronics
TXN-000142,MFG-010,DST-024,4213,9.62,2025-02-03 00:06:43,north,medicine
TXN-000143,MFG-010,DST-024,3214,9.18,2025-02-03 03:26:29,north,medicine
TXN-000144,DST-003,RTL-024,299,31.11,2025-02-03 10:00:49,east,fertilizer
TXN-000145,MFG-001,DST-003,2393,14.6,2025-02-03 12:15:17,central,fertilizer
TXN-000146,DST-017,RTL-057,339,30.98,2025-02-03 21:09:22,central,fertilizer
TXN-000147,DST-027,RTL-001,60,138.79,2025-02-04 03:20:26,west,electronics
TXN-000148,DST-010,RTL-019,353,33.48,2025-02-04 10:35:00,central,medicine
TXN-000149,DST-037,RTL-037,207,34.41,2025-02-04 17:01:18,west,fertilizer
TXN-000150,DST-011,RTL-055,119,41.77,2025-02-04 22:00:13,central,fertilizer
TXN-000151,DST-040,RTL-073,352,33.7,2025-02-05 01:58:13,west,fertilizer
TXN-000152,DST-025,RTL-068,383,8.82,2025-02-05 03:55:25,west,seeds
TXN-000153,MFG-002,DST-017,565,14.19,2025-02-05 10:00:21,west,fertilizer
TXN-000154,DST-011,RTL-078,132,29.59,2025-02-05 12:00:12,central,fertilizer
TXN-000155,MFG-012,DST-019,2655,3.65,2025-02-05 13:29:07,south,seeds
TXN-000156,DST-023,RTL-013,251,43.39,2025-02-05 22:49:28,central,fertilizer
TXN-000157,DST-024,RTL-009,130,22.03,2025-02-06 02:08:03,central,medicine
TXN-000158,DST-031,RTL-083,277,40.64,2025-02-06 02:18:15,north,fertilizer
TXN-000159,DST-029,RTL-027,128,9.93,2025-02-06 03:36:01,east,seeds
TXN-000160,MFG-002,DST-037,1760,13.85,2025-02-06 04:28:53,west,fertilizer
TXN-000161,DST-015,RTL-037,159,2.34,2025-02-06 11:30:07,central,seeds
TXN-000162,DST-039,RTL-032,94,11.77,2025-02-06 20:47:53,west,seeds
TXN-000163,MFG-009,DST-015,2006,4.2,2025-02-07 03:41:41,north,seeds
TXN-000164,MFG-010,DST-015,1755,4.05,2025-02-07 09:00:53,north,seeds
TXN-000165,DST-007,RTL-017,392,33.7,2025-02-07 15:06:17,west,fertilizer
TXN-000166,MFG-008,DST-015,3084,3.31,2025-02-07 20:11:45,east,seeds
TXN-000167,DST-018,RTL-007,349,32.13,2025-02-07 21:27:21,east,fertilizer
TXN-000168,MFG-011,DST-026,3300,8.83,2025-02-08 07:51:00,central,medicine
TXN-000169,DST-021,RTL-062,117,25.94,2025-02-08 08:00:32,central,medicine
TXN-000170,DST-023,RTL-003,142,44.27,2025-02-08 08:11:30,central,fertilizer
TXN-000171,MFG-001,DST-022,933,11.6,2025-02-08 15:32:33,central,medicine
TXN-000172,MFG-008,DST-015,2428,4.1,2025-02-08 18:20:22,east,seeds
TXN-000173,MFG-003,DST-008,1886,57.52,2025-02-08 20:14:25,east,electronics
TXN-000174,DST-040,RTL-020,92,45.11,2025-02-08 21:14:30,west,fertilizer
TXN-000175,MFG-006,DST-022,3919,9.14,2025-02-09 01:44:09,south,medicine
TXN-000176,DST-011,RTL-027,308,36.0,2025-02-09 05:39:30,central,fertilizer
TXN-000177,DST-010,RTL-039,101,27.41,2025-02-09 15:46:15,central,medicine
TXN-000178,DST-001,RTL-075,367,8.77,2025-02-09 19:15:39,west,seeds
TXN-000179,MFG-010,DST-019,4016,3.27,2025-02-10 09:53:56,north,seeds
TXN-000180,DST-031,RTL-006,329,28.46,2025-02-10 14:35:24,north,fertilizer
TXN-000181,DST-028,RTL-077,56,25.84,2025-02-10 14:57:35,west,medicine
TXN-000182,DST-014,RTL-038,264,43.78,2025-02-10 16:57:33,north,fertilizer
TXN-000183,DST-038,RTL-085,325,142.72,2025-02-10 20:31:08,west,electronics
TXN-000184,DST-038,RTL-076,351,167.89,2025-02-10 22:44:41,west,electronics
TXN-000185,DST-003,RTL-006,315,37.21,2025-02-11 07:33:31,east,fertilizer
TXN-000186,DST-029,RTL-059,390,9.09,2025-02-11 11:42:16,east,seeds
TXN-000187,MFG-012,DST-011,1207,14.05,2025-02-11 15:53:44,south,fertilizer
TXN-000188,MFG-004,DST-030,3499,56.0,2025-02-11 21:10:04,central,electronics
TXN-000189,DST-001,RTL-075,132,8.6,2025-02-11 21:54:14,west,seeds
TXN-000190,DST-018,RTL-007,40,38.25,2025-02-12 07:02:10,east,fertilizer
TXN-000191,DST-007,RTL-004,390,35.45,2025-02-12 11:10:35,west,fertilizer
TXN-000192,MFG-005,DST-034,4082,12.14,2025-02-12 17:32:52,north,fertilizer
TXN-000193,DST-032,RTL-083,106,120.78,2025-02-12 19:10:13,central,electronics
TXN-000194,MFG-008,DST-032,912,60.73,2025-02-12 22:05:48,east,electronics
TXN-000195,DST-009,RTL-073,380,26.23,2025-02-13 00:57:49,east,medicine
TXN-000196,DST-039,RTL-065,100,11.05,2025-02-13 03:22:49,west,seeds
TXN-000197,MFG-011,DST-018,4051,12.0,2025-02-13 22:28:04,central,fertilizer
TXN-000198,DST-031,RTL-006,119,36.59,2025-02-14 09:00:44,north,fertilizer
TXN-000199,MFG-009,DST-006,4366,50.19,2025-02-14 09:12:41,north,electronics
TXN-000200,DST-028,RTL-077,353,28.47,2025-02-14 12:13:03,west,medicine
TXN-000201,DST-021,RTL-062,276,22.24,2025-02-14 16:12:38,central,medicine
TXN-000202,DST-040,RTL-076,328,33.14,2025-02-14 17:46:31,west,fertilizer
TXN-000203,DST-003,RTL-067,192,43.77,2025-02-14 22:39:02,east,fertilizer
TXN-000204,MFG-001,DST-013,477,11.16,2025-02-14 23:24:41,central,medicine
TXN-000205,MFG-001,DST-003,2894,14.5,2025-02-15 00:49:16,central,fertilizer
TXN-000206,MFG-002,DST-023,489,16.44,2025-02-15 13:01:22,west,fertilizer
TXN-000207,DST-006,RTL-044,101,131.49,2025-02-15 13:53:58,central,electronics
TXN-000208,MFG-004,DST-036,4628,13.13,2025-02-15 14:08:03,central,fertilizer
TXN-000209,MFG-008,DST-017,3000,11.29,2025-02-16 00:15:03,east,fertilizer
TXN-000210,DST-001,RTL-072,238,11.55,2025-02-16 01:48:57,west,seeds
TXN-000211,DST-017,RTL-002,136,36.33,2025-02-16 15:30:31,central,fertilizer
TXN-000212,DST-007,RTL-059,168,35.85,2025-02-17 00:48:07,west,fertilizer
TXN-000213,MFG-008,DST-017,1586,14.62,2025-02-17 00:49:51,east,fertilizer
TXN-000214,DST-035,RTL-023,252,32.8,2025-02-17 11:24:06,east,medicine
TXN-000215,DST-004,RTL-072,153,43.4,2025-02-17 16:38:52,east,fertilizer
TXN-000216,DST-035,RTL-023,213,33.12,2025-02-18 06:47:49,east,medicine
TXN-000217,DST-035,RTL-023,222,24.75,2025-02-18 09:42:17,east,medicine
TXN-000218,DST-013,RTL-089,238,30.38,2025-02-19 00:28:39,east,medicine
TXN-000219,DST-035,RTL-023,311,29.07,2025-02-19 01:15:21,east,medicine
TXN-000220,DST-010,RTL-086,44,25.21,2025-02-19 01:41:07,central,medicine
TXN-000221,DST-035,RTL-023,98,21.72,2025-02-19 09:44:20,east,medicine
TXN-000222,DST-027,RTL-015,77,172.14,2025-02-19 10:05:27,west,electronics
TXN-000223,DST-003,RTL-006,127,35.22,2025-02-19 18:03:51,east,fertilizer
TXN-000224,MFG-007,DST-010,3321,9.64,2025-02-19 18:32:01,central,medicine
TXN-000225,DST-035,RTL-023,170,26.33,2025-02-19 20:11:37,east,medicine
TXN-000226,DST-035,RTL-023,254,30.08,2025-02-19 22:21:36,east,medicine
TXN-000227,DST-035,RTL-023,119,25.99,2025-02-20 10:31:06,east,medicine
TXN-000228,DST-028,RTL-053,137,29.87,2025-02-20 19:05:52,west,medicine
TXN-000229,DST-007,RTL-059,138,38.65,2025-02-20 22:13:28,west,fertilizer
TXN-000230,MFG-009,DST-014,2031,12.31,2025-02-21 05:23:14,north,fertilizer
TXN-000231,DST-040,RTL-073,113,30.94,2025-02-21 10:37:02,west,fertilizer
TXN-000232,DST-039,RTL-056,362,10.54,2025-02-21 11:09:42,west,seeds
TXN-000233,MFG-012,DST-016,2462,55.12,2025-02-21 12:37:32,south,electronics
TXN-000234,MFG-012,DST-005,4548,45.88,2025-02-21 17:29:29,south,electronics
TXN-000235,MFG-006,DST-006,756,64.24,2025-02-22 00:07:35,south,electronics
TXN-000236,DST-030,RTL-018,399,121.26,2025-02-22 03:37:06,south,electronics
TXN-000237,DST-035,RTL-023,321,31.26,2025-02-22 11:26:43,east,medicine
TXN-000238,DST-035,RTL-023,365,32.5,2025-02-22 11:32:31,east,medicine
TXN-000239,DST-035,RTL-023,212,23.08,2025-02-22 20:04:43,east,medicine
TXN-000240,DST-035,RTL-023,341,29.75,2025-02-22 21:13:35,east,medicine
TXN-000241,DST-035,RTL-023,36,26.29,2025-02-22 22:37:02,east,medicine
TXN-000242,DST-035,RTL-023,292,23.45,2025-02-23 00:18:00,east,medicine
TXN-000243,MFG-002,DST-020,1810,9.1,2025-02-23 03:12:50,west,medicine
TXN-000244,MFG-003,DST-038,4426,49.08,2025-02-23 11:32:32,east,electronics
TXN-000245,MFG-003,DST-034,1254,16.09,2025-02-23 14:03:50,east,fertilizer
TXN-000246,DST-002,RTL-035,90,11.2,2025-02-23 16:37:52,central,seeds
TXN-000247,DST-011,RTL-067,360,30.24,2025-02-23 19:46:43,central,fertilizer
TXN-000248,MFG-001,DST-022,1793,10.05,2025-02-23 23:32:33,central,medicine
TXN-000249,DST-012,RTL-061,53,28.53,2025-02-24 01:47:03,north,medicine
TXN-000250,MFG-010,DST-024,4769,9.42,2025-02-24 09:54:43,north,medicine
TXN-000251,DST-035,RTL-023,189,25.75,2025-02-24 16:15:56,east,medicine
TXN-000252,DST-035,RTL-023,83,27.56,2025-02-25 05:24:05,east,medicine
TXN-000253,DST-035,RTL-023,347,32.32,2025-02-25 05:36:49,east,medicine
TXN-000254,DST-009,RTL-073,112,31.93,2025-02-25 09:04:23,east,medicine
TXN-000255,DST-017,RTL-087,166,33.04,2025-02-25 23:56:09,central,fertilizer
TXN-000256,DST-016,RTL-064,145,304.46,2025-02-26 17:21:56,central,electronics
TXN-000257,DST-035,RTL-023,37,31.19,2025-02-26 20:22:51,east,medicine
TXN-000258,DST-008,RTL-074,55,115.37,2025-02-26 20:29:04,south,electronics
TXN-000259,DST-037,RTL-054,183,36.54,2025-02-26 23:55:05,west,fertilizer
TXN-000260,DST-004,RTL-049,178,40.94,2025-02-27 12:32:37,east,fertilizer
TXN-000261,MFG-012,DST-037,3051,14.64,2025-02-27 23:35:52,south,fertilizer
TXN-000262,DST-017,RTL-002,209,36.76,2025-02-28 17:31:15,central,fertilizer
TXN-000263,DST-040,RTL-005,113,29.12,2025-02-28 19:38:18,west,fertilizer
TXN-000264,DST-010,RTL-019,251,21.69,2025-02-28 21:50:43,central,medicine
TXN-000265,MFG-009,DST-002,4389,2.81,2025-03-01 00:30:37,north,seeds
TXN-000266,DST-021,RTL-057,371,27.97,2025-03-01 02:37:02,central,medicine
TXN-000267,DST-005,RTL-036,194,130.65,2025-03-01 11:12:02,east,electronics
TXN-000268,DST-002,RTL-009,163,8.85,2025-03-02 00:37:31,central,seeds
TXN-000269,DST-032,RTL-042,394,132.29,2025-03-02 02:43:55,central,electronics
TXN-000270,MFG-007,DST-034,1636,15.49,2025-03-02 05:01:05,central,fertilizer
TXN-000271,DST-030,RTL-035,271,138.48,2025-03-02 12:25:07,south,electronics
TXN-000272,MFG-001,DST-007,2423,13.82,2025-03-02 13:35:42,central,fertilizer
TXN-000273,DST-001,RTL-075,37,10.36,2025-03-02 14:15:27,west,seeds
TXN-000274,DST-029,RTL-018,26,10.37,2025-03-02 18:32:44,east,seeds
TXN-000275,DST-017,RTL-064,187,44.1,2025-03-03 00:49:14,central,fertilizer
TXN-000276,DST-040,RTL-005,51,31.02,2025-03-03 03:25:28,west,fertilizer
TXN-000277,MFG-010,DST-023,4369,11.51,2025-03-03 04:47:41,north,fertilizer
TXN-000278,MFG-003,DST-029,3605,3.33,2025-03-03 05:00:59,east,seeds
TXN-000279,MFG-011,DST-026,4422,8.35,2025-03-03 13:44:23,central,medicine
TXN-000280,MFG-012,DST-037,4783,10.09,2025-03-03 15:19:29,south,fertilizer
TXN-000281,MFG-003,DST-001,2789,3.72,2025-03-03 16:15:11,east,seeds
TXN-000282,MFG-002,DST-037,4135,12.68,2025-03-03 23:37:02,west,fertilizer
TXN-000283,DST-003,RTL-024,148,43.92,2025-03-04 05:06:40,east,fertilizer
TXN-000284,DST-014,RTL-032,158,40.99,2025-03-04 05:07:13,north,fertilizer
TXN-000285,DST-023,RTL-052,322,44.77,2025-03-04 06:50:39,central,fertilizer
TXN-000286,MFG-002,DST-017,4040,12.67,2025-03-04 20:10:01,west,fertilizer
TXN-000287,MFG-008,DST-028,488,11.13,2025-03-05 10:41:24,east,medicine
TXN-000288,DST-023,RTL-013,223,31.15,2025-03-05 11:21:05,central,fertilizer
TXN-000289,MFG-011,DST-026,1901,9.7,2025-03-05 19:13:55,central,medicine
TXN-000290,DST-018,RTL-086,332,38.11,2025-03-06 03:23:01,east,fertilizer
TXN-000291,DST-011,RTL-036,366,31.33,2025-03-06 04:33:25,central,fertilizer
TXN-000292,DST-020,RTL-065,258,24.19,2025-03-06 09:09:47,south,medicine
TXN-000293,DST-006,RTL-079,305,137.95,2025-03-06 21:23:37,central,electronics
TXN-000294,DST-034,RTL-074,152,28.77,2025-03-06 23:24:27,north,fertilizer
TXN-000295,MFG-002,DST-022,3496,8.46,2025-03-07 01:12:11,west,medicine
TXN-000296,DST-019,RTL-082,128,9.66,2025-03-07 20:19:22,south,seeds
TXN-000297,MFG-011,DST-029,4565,3.47,2025-03-08 03:59:32,central,seeds
TXN-000298,DST-002,RTL-057,339,10.44,2025-03-08 04:29:01,central,seeds
TXN-000299,MFG-010,DST-007,2972,14.45,2025-03-08 21:09:14,north,fertilizer
TXN-000300,DST-031,RTL-033,53,39.67,2025-03-09 00:42:28,north,fertilizer
TXN-000301,MFG-001,DST-013,3151,8.47,2025-03-09 15:46:04,central,medicine
TXN-000302,DST-012,RTL-025,218,32.73,2025-03-09 19:41:41,north,medicine
TXN-000303,DST-013,RTL-035,150,32.72,2025-03-10 08:41:23,east,medicine
TXN-000304,DST-039,RTL-065,234,8.16,2025-03-10 13:56:24,west,seeds
TXN-000305,DST-015,RTL-037,71,2.79,2025-03-10 16:20:52,central,seeds
TXN-000306,DST-010,RTL-086,256,22.89,2025-03-10 20:22:05,central,medicine
TXN-000307,MFG-001,DST-037,3020,12.35,2025-03-11 00:35:04,central,fertilizer
TXN-000308,MFG-009,DST-015,4973,3.28,2025-03-11 04:46:24,north,seeds
TXN-000309,DST-008,RTL-069,46,142.61,2025-03-11 13:11:58,south,electronics
TXN-000310,MFG-006,DST-003,937,14.82,2025-03-11 13:16:53,south,fertilizer
TXN-000311,DST-015,RTL-083,279,3.01,2025-03-11 14:30:54,central,seeds
TXN-000312,DST-002,RTL-053,162,11.24,2025-03-11 15:44:33,central,seeds
TXN-000313,DST-001,RTL-080,236,11.36,2025-03-11 19:22:24,west,seeds
TXN-000314,MFG-007,DST-024,1664,11.83,2025-03-11 22:54:10,central,medicine
TXN-000315,DST-027,RTL-001,57,141.71,2025-03-12 02:14:25,west,electronics
TXN-000316,DST-017,RTL-087,285,33.19,2025-03-12 08:31:18,central,fertilizer
TXN-000317,DST-030,RTL-024,387,151.63,2025-03-13 00:15:38,west,electronics
TXN-000318,DST-025,RTL-026,304,9.27,2025-03-13 01:16:03,west,seeds
TXN-000319,MFG-010,DST-015,2521,3.6,2025-03-13 05:44:15,north,seeds
TXN-000320,DST-031,RTL-033,239,33.78,2025-03-13 07:59:23,north,fertilizer
TXN-000321,MFG-008,DST-004,2555,13.52,2025-03-13 09:00:38,east,fertilizer
TXN-000322,DST-007,RTL-059,42,44.42,2025-03-13 17:08:41,west,fertilizer
TXN-000323,MFG-008,DST-015,3035,3.35,2025-03-13 23:49:29,east,seeds
TXN-000324,MFG-002,DST-022,1128,11.21,2025-03-14 04:22:34,west,medicine
TXN-000325,MFG-008,DST-004,2586,13.48,2025-03-14 05:05:48,east,fertilizer
TXN-000326,MFG-003,DST-018,3142,14.38,2025-03-14 09:40:43,east,fertilizer
TXN-000327,MFG-003,DST-035,4567,8.77,2025-03-14 10:08:52,east,medicine
TXN-000328,DST-038,RTL-047,229,155.73,2025-03-14 10:16:57,west,electronics
TXN-000329,DST-023,RTL-068,255,36.49,2025-03-14 17:35:20,central,fertilizer
TXN-000330,DST-015,RTL-066,88,2.37,2025-03-15 01:38:09,central,seeds
TXN-000331,DST-008,RTL-054,232,125.98,2025-03-15 02:37:57,south,electronics
TXN-000332,DST-025,RTL-077,78,10.47,2025-03-15 07:14:52,west,seeds
TXN-000333,DST-012,RTL-012,387,31.58,2025-03-15 19:45:06,north,medicine
TXN-000334,DST-008,RTL-067,355,133.4,2025-03-15 21:44:07,south,electronics
TXN-000335,MFG-003,DST-001,2889,3.74,2025-03-16 01:30:24,east,seeds
TXN-000336,MFG-001,DST-037,2295,13.32,2025-03-16 03:53:50,central,fertilizer
TXN-000337,MFG-003,DST-018,1846,15.33,2025-03-16 04:50:25,east,fertilizer
TXN-000338,DST-018,RTL-033,94,45.21,2025-03-17 00:58:52,east,fertilizer
TXN-000339,MFG-012,DST-035,3510,9.24,2025-03-17 01:31:59,south,medicine
TXN-000340,DST-012,RTL-061,388,25.14,2025-03-17 10:45:39,north,medicine
TXN-000341,MFG-010,DST-015,2584,3.63,2025-03-17 16:41:43,north,seeds
TXN-000342,DST-011,RTL-067,390,40.59,2025-03-17 19:00:59,central,fertilizer
TXN-000343,DST-003,RTL-063,58,39.5,2025-03-18 07:10:03,east,fertilizer
TXN-000344,MFG-002,DST-033,591,13.54,2025-03-18 14:50:47,west,fertilizer
TXN-000345,MFG-009,DST-031,3717,14.0,2025-03-18 14:54:47,north,fertilizer
TXN-000346,MFG-006,DST-019,4312,3.43,2025-03-18 15:29:11,south,seeds
TXN-000347,DST-002,RTL-053,137,11.48,2025-03-19 01:30:11,central,seeds
TXN-000348,MFG-006,DST-026,3646,10.33,2025-03-19 02:17:47,south,medicine
TXN-000349,DST-007,RTL-059,299,30.78,2025-03-19 02:18:46,west,fertilizer
TXN-000350,DST-028,RTL-053,148,30.33,2025-03-19 07:27:58,west,medicine
TXN-000351,DST-017,RTL-057,398,42.75,2025-03-19 09:20:11,central,fertilizer
TXN-000352,MFG-003,DST-032,1509,59.13,2025-03-19 09:45:52,east,electronics
TXN-000353,DST-007,RTL-043,32,33.05,2025-03-20 13:56:44,west,fertilizer
TXN-000354,DST-033,RTL-004,44,34.28,2025-03-21 05:29:02,west,fertilizer
TXN-000355,MFG-006,DST-026,1034,11.67,2025-03-21 06:04:14,south,medicine
TXN-000356,DST-007,RTL-029,46,44.59,2025-03-21 08:57:35,west,fertilizer
TXN-000357,MFG-005,DST-005,4110,47.78,2025-03-21 10:19:04,north,electronics
TXN-000358,DST-027,RTL-045,297,116.25,2025-03-22 02:12:04,west,electronics
TXN-000359,DST-024,RTL-009,20,24.39,2025-03-22 18:04:36,central,medicine
TXN-000360,MFG-005,DST-029,4054,2.93,2025-03-22 20:52:29,north,seeds
TXN-000361,MFG-008,DST-004,2281,15.06,2025-03-23 02:26:40,east,fertilizer
TXN-000362,MFG-006,DST-026,4934,7.74,2025-03-23 11:30:29,south,medicine
TXN-000363,DST-004,RTL-072,142,34.89,2025-03-23 14:00:22,east,fertilizer
TXN-000364,DST-033,RTL-056,126,43.9,2025-03-23 22:57:50,west,fertilizer
TXN-000365,DST-014,RTL-038,100,33.7,2025-03-24 00:11:30,north,fertilizer
TXN-000366,DST-033,RTL-004,98,43.4,2025-03-24 08:55:58,west,fertilizer
TXN-000367,DST-039,RTL-065,310,9.35,2025-03-24 10:24:40,west,seeds
TXN-000368,MFG-002,DST-033,4587,13.11,2025-03-24 13:36:01,west,fertilizer
TXN-000369,DST-004,RTL-072,190,32.97,2025-03-24 20:40:24,east,fertilizer
TXN-000370,MFG-005,DST-034,1033,14.95,2025-03-25 16:47:34,north,fertilizer
TXN-000371,DST-016,RTL-054,105,288.46,2025-03-25 22:55:05,central,electronics
TXN-000372,DST-030,RTL-022,165,157.7,2025-03-25 23:46:29,south,electronics
TXN-000373,MFG-007,DST-024,1914,9.24,2025-03-26 04:58:48,central,medicine
TXN-000374,DST-034,RTL-061,179,43.3,2025-03-26 07:02:08,north,fertilizer
TXN-000375,MFG-007,DST-009,798,11.11,2025-03-26 12:16:35,central,medicine
TXN-000376,DST-040,RTL-056,223,38.84,2025-03-26 13:32:41,west,fertilizer
TXN-000377,DST-027,RTL-023,166,169.81,2025-03-26 19:41:47,west,electronics
TXN-000378,DST-004,RTL-010,219,44.47,2025-03-26 21:59:50,east,fertilizer
TXN-000379,DST-014,RTL-038,104,35.26,2025-03-27 06:49:03,north,fertilizer
TXN-000380,DST-027,RTL-018,387,145.6,2025-03-27 07:14:55,west,electronics
TXN-000381,MFG-006,DST-040,2373,13.58,2025-03-27 10:48:55,south,fertilizer
TXN-000382,DST-024,RTL-084,144,27.79,2025-03-27 12:16:10,central,medicine
TXN-000383,MFG-010,DST-015,453,3.99,2025-03-27 12:21:34,north,seeds
TXN-000384,DST-001,RTL-026,245,9.08,2025-03-27 13:29:50,west,seeds
TXN-000385,DST-014,RTL-032,91,31.83,2025-03-27 14:24:25,north,fertilizer
TXN-000386,DST-019,RTL-012,368,9.39,2025-03-27 19:26:57,south,seeds
TXN-000387,DST-029,RTL-027,307,7.94,2025-03-27 22:57:50,east,seeds
TXN-000388,DST-001,RTL-080,376,10.59,2025-03-28 11:59:13,west,seeds
TXN-000389,MFG-010,DST-021,1050,9.89,2025-03-28 23:07:31,north,medicine
TXN-000390,DST-018,RTL-086,257,37.64,2025-03-29 21:25:01,east,fertilizer
TXN-000391,DST-040,RTL-005,115,40.73,2025-03-29 23:41:35,west,fertilizer
TXN-000392,DST-023,RTL-013,69,41.63,2025-03-30 10:21:44,central,fertilizer
TXN-000393,MFG-003,DST-038,2059,57.16,2025-03-30 15:41:33,east,electronics
TXN-000394,MFG-003,DST-027,3880,50.29,2025-03-31 00:42:51,east,electronics
TXN-000395,MFG-004,DST-009,3820,8.17,2025-03-31 02:37:37,central,medicine
TXN-000396,DST-007,RTL-046,327,28.54,2025-03-31 04:10:08,west,fertilizer
TXN-000397,MFG-006,DST-006,2323,55.89,2025-03-31 14:22:06,south,electronics
TXN-000398,DST-027,RTL-018,168,143.83,2025-03-31 18:23:19,west,electronics
TXN-000399,DST-028,RTL-053,287,30.23,2025-03-31 19:42:19,west,medicine
TXN-000400,DST-013,RTL-089,82,27.34,2025-03-31 21:36:51,east,medicine
TXN-000401,DST-004,RTL-079,241,31.5,2025-04-01 10:32:08,east,fertilizer
TXN-000402,DST-035,RTL-033,96,22.65,2025-04-02 03:11:57,east,medicine
TXN-000403,MFG-002,DST-020,2532,9.42,2025-04-02 07:25:00,west,medicine
TXN-000404,DST-038,RTL-007,257,177.34,2025-04-02 15:07:11,west,electronics
TXN-000405,DST-026,RTL-031,149,31.53,2025-04-02 16:05:10,east,medicine
TXN-000406,MFG-003,DST-018,818,15.9,2025-04-02 17:16:52,east,fertilizer
TXN-000407,DST-021,RTL-089,108,25.54,2025-04-02 20:51:07,central,medicine
TXN-000408,MFG-009,DST-002,2543,3.75,2025-04-03 06:18:17,north,seeds
TXN-000409,MFG-012,DST-016,4190,52.26,2025-04-03 06:40:25,south,electronics
TXN-000410,DST-003,RTL-006,333,41.38,2025-04-03 07:26:41,east,fertilizer
TXN-000411,DST-033,RTL-049,226,38.5,2025-04-03 10:02:38,west,fertilizer
TXN-000412,DST-035,RTL-033,356,29.2,2025-04-03 11:44:29,east,medicine
TXN-000413,MFG-003,DST-008,1832,58.56,2025-04-03 11:56:46,east,electronics
TXN-000414,DST-031,RTL-033,357,31.82,2025-04-03 18:05:55,north,fertilizer
TXN-000415,DST-035,RTL-033,67,28.26,2025-04-03 20:29:29,east,medicine
TXN-000416,MFG-012,DST-035,2594,9.79,2025-04-04 00:00:22,south,medicine
TXN-000417,DST-017,RTL-057,94,32.03,2025-04-04 01:19:49,central,fertilizer
TXN-000418,MFG-010,DST-019,1930,4.13,2025-04-04 01:20:19,north,seeds
TXN-000419,DST-035,RTL-033,138,30.81,2025-04-04 12:44:15,east,medicine
TXN-000420,DST-004,RTL-010,356,33.06,2025-04-04 13:17:47,east,fertilizer
TXN-000421,MFG-001,DST-003,873,14.14,2025-04-04 14:08:50,central,fertilizer
TXN-000422,MFG-006,DST-011,3925,13.86,2025-04-04 19:09:07,south,fertilizer
TXN-000423,DST-004,RTL-038,189,32.62,2025-04-05 05:15:41,east,fertilizer
TXN-000424,DST-030,RTL-024,324,125.2,2025-04-05 06:56:12,west,electronics
TXN-000425,DST-038,RTL-076,249,118.77,2025-04-05 12:24:42,west,electronics
TXN-000426,DST-038,RTL-076,280,155.64,2025-04-05 18:34:11,west,electronics
TXN-000427,DST-035,RTL-033,327,31.25,2025-04-05 21:18:12,east,medicine
TXN-000428,DST-005,RTL-015,376,149.06,2025-04-06 03:15:30,east,electronics
TXN-000429,DST-003,RTL-072,86,36.78,2025-04-06 04:39:18,east,fertilizer
TXN-000430,DST-014,RTL-038,269,28.78,2025-04-06 07:18:49,north,fertilizer
TXN-000431,DST-035,RTL-033,115,21.51,2025-04-06 12:51:22,east,medicine
TXN-000432,DST-035,RTL-033,119,33.16,2025-04-06 14:03:48,east,medicine
TXN-000433,DST-035,RTL-033,357,32.1,2025-04-06 15:15:58,east,medicine
TXN-000434,DST-008,RTL-074,351,120.24,2025-04-06 15:41:08,south,electronics
TXN-000435,DST-011,RTL-060,264,28.52,2025-04-06 19:09:20,central,fertilizer
TXN-000436,MFG-006,DST-027,1519,51.5,2025-04-06 22:29:19,south,electronics
TXN-000437,DST-024,RTL-084,317,29.32,2025-04-07 01:48:02,central,medicine
TXN-000438,DST-010,RTL-086,162,23.03,2025-04-07 05:25:20,central,medicine
TXN-000439,DST-005,RTL-015,396,173.82,2025-04-07 09:40:26,east,electronics
TXN-000440,MFG-003,DST-018,4602,10.9,2025-04-07 11:50:58,east,fertilizer
TXN-000441,DST-027,RTL-015,242,142.2,2025-04-07 12:43:41,west,electronics
TXN-000442,DST-006,RTL-018,332,168.7,2025-04-07 16:45:23,central,electronics
TXN-000443,MFG-003,DST-034,999,15.62,2025-04-08 00:43:25,east,fertilizer
TXN-000444,DST-003,RTL-072,236,31.51,2025-04-08 00:58:34,east,fertilizer
TXN-000445,DST-002,RTL-053,290,10.71,2025-04-08 04:14:16,central,seeds
TXN-000446,MFG-004,DST-014,3515,12.77,2025-04-08 08:13:17,central,fertilizer
TXN-000447,DST-017,RTL-087,190,45.05,2025-04-08 10:25:19,central,fertilizer
TXN-000448,MFG-008,DST-028,1337,9.87,2025-04-08 10:37:57,east,medicine
TXN-000449,DST-015,RTL-021,142,2.29,2025-04-08 13:41:57,central,seeds
TXN-000450,DST-035,RTL-033,45,33.28,2025-04-08 18:37:47,east,medicine
TXN-000451,DST-016,RTL-051,300,310.52,2025-04-09 02:24:01,central,electronics
TXN-000452,DST-019,RTL-082,280,10.19,2025-04-09 03:28:55,south,seeds
TXN-000453,MFG-007,DST-025,3783,3.58,2025-04-09 04:50:52,central,seeds
TXN-000454,MFG-005,DST-033,852,14.33,2025-04-09 04:53:51,north,fertilizer
TXN-000455,MFG-003,DST-026,881,11.83,2025-04-09 06:00:35,east,medicine
TXN-000456,MFG-001,DST-039,4098,3.43,2025-04-09 06:32:03,central,seeds
TXN-000457,DST-010,RTL-086,218,31.35,2025-04-09 11:26:27,central,medicine
TXN-000458,MFG-005,DST-034,2211,11.94,2025-04-09 13:16:56,north,fertilizer
TXN-000459,MFG-011,DST-018,3501,12.29,2025-04-10 00:42:47,central,fertilizer
TXN-000460,MFG-004,DST-036,1914,14.71,2025-04-10 05:05:25,central,fertilizer
TXN-000461,MFG-002,DST-017,1289,14.38,2025-04-10 09:30:54,west,fertilizer
TXN-000462,MFG-012,DST-019,572,4.49,2025-04-11 04:39:51,south,seeds
TXN-000463,DST-021,RTL-089,66,32.22,2025-04-11 09:12:25,central,medicine
TXN-000464,MFG-005,DST-033,1370,15.08,2025-04-11 10:25:59,north,fertilizer
TXN-000465,DST-013,RTL-045,120,31.38,2025-04-11 17:28:04,east,medicine
TXN-000466,DST-036,RTL-025,222,15.02,2025-04-11 22:34:59,south,fertilizer
TXN-000467,DST-039,RTL-015,97,8.15,2025-04-11 23:42:29,west,seeds
TXN-000468,DST-016,RTL-054,50,342.43,2025-04-12 00:27:34,central,electronics
TXN-000469,DST-015,RTL-083,349,2.68,2025-04-12 08:48:08,central,seeds
TXN-000470,DST-029,RTL-059,295,11.6,2025-04-12 09:49:08,east,seeds
TXN-000471,MFG-003,DST-038,2173,52.19,2025-04-12 13:52:05,east,electronics
TXN-000472,MFG-011,DST-018,3587,11.63,2025-04-12 16:57:00,central,fertilizer
TXN-000473,DST-003,RTL-024,134,38.56,2025-04-12 22:52:36,east,fertilizer
TXN-000474,MFG-012,DST-035,2028,9.79,2025-04-13 01:26:39,south,medicine
TXN-000475,DST-023,RTL-013,212,33.07,2025-04-13 02:47:12,central,fertilizer
TXN-000476,DST-002,RTL-053,192,9.4,2025-04-13 07:43:32,central,seeds
TXN-000477,DST-007,RTL-061,206,29.37,2025-04-13 12:29:55,west,fertilizer
TXN-000478,DST-011,RTL-083,253,36.25,2025-04-14 02:41:42,central,fertilizer
TXN-000479,DST-039,RTL-065,195,10.32,2025-04-14 09:48:40,west,seeds
TXN-000480,MFG-012,DST-005,2413,55.03,2025-04-14 09:58:58,south,electronics
TXN-000481,DST-012,RTL-025,339,25.74,2025-04-14 16:11:27,north,medicine
TXN-000482,DST-026,RTL-069,206,27.71,2025-04-14 19:50:02,east,medicine
TXN-000483,MFG-008,DST-004,652,12.93,2025-04-14 20:01:24,east,fertilizer
TXN-000484,DST-007,RTL-061,82,32.3,2025-04-14 20:31:16,west,fertilizer
TXN-000485,MFG-009,DST-011,4206,12.09,2025-04-14 21:47:36,north,fertilizer
TXN-000486,MFG-002,DST-012,4219,9.28,2025-04-15 00:53:57,west,medicine
TXN-000487,DST-025,RTL-026,183,11.78,2025-04-15 07:28:01,west,seeds
TXN-000488,DST-026,RTL-031,250,29.62,2025-04-15 09:01:41,east,medicine
TXN-000489,DST-034,RTL-043,95,39.47,2025-04-15 09:18:18,north,fertilizer
TXN-000490,DST-025,RTL-068,193,11.65,2025-04-15 10:44:37,west,seeds
TXN-000491,DST-027,RTL-067,87,143.92,2025-04-15 20:43:11,west,electronics
TXN-000492,MFG-010,DST-010,4339,10.05,2025-04-15 20:48:52,north,medicine
TXN-000493,DST-011,RTL-084,357,38.04,2025-04-15 22:21:21,central,fertilizer
TXN-000494,DST-006,RTL-018,200,169.94,2025-04-16 12:10:11,central,electronics
TXN-000495,DST-011,RTL-060,375,34.4,2025-04-16 14:06:16,central,fertilizer
TXN-000496,MFG-001,DST-037,1003,15.46,2025-04-16 17:54:49,central,fertilizer
TXN-000497,DST-036,RTL-025,337,16.21,2025-04-16 22:30:29,south,fertilizer
TXN-000498,DST-029,RTL-027,252,8.01,2025-04-17 03:18:12,east,seeds
TXN-000499,DST-004,RTL-038,113,39.38,2025-04-17 07:17:08,east,fertilizer
TXN-000500,DST-018,RTL-086,56,40.34,2025-04-17 13:02:22,east,fertilizer
TXN-000501,DST-037,RTL-037,208,34.51,2025-04-17 14:35:31,west,fertilizer
TXN-000502,MFG-006,DST-019,2799,3.81,2025-04-17 15:40:25,south,seeds
TXN-000503,DST-013,RTL-065,205,26.53,2025-04-18 00:58:08,east,medicine
TXN-000504,MFG-011,DST-026,2154,9.54,2025-04-18 01:45:20,central,medicine
TXN-000505,DST-011,RTL-060,370,44.11,2025-04-18 06:30:32,central,fertilizer
TXN-000506,MFG-009,DST-014,402,14.38,2025-04-18 09:19:19,north,fertilizer
TXN-000507,DST-031,RTL-083,312,37.16,2025-04-18 15:53:00,north,fertilizer
TXN-000508,DST-017,RTL-002,258,36.51,2025-04-18 18:55:12,central,fertilizer
TXN-000509,DST-003,RTL-043,394,42.74,2025-04-18 19:47:53,east,fertilizer
TXN-000510,MFG-010,DST-017,3425,11.84,2025-04-19 10:46:48,north,fertilizer
TXN-000511,DST-011,RTL-060,144,30.57,2025-04-19 12:14:11,central,fertilizer
TXN-000512,MFG-012,DST-016,3377,54.14,2025-04-20 00:21:53,south,electronics
TXN-000513,DST-040,RTL-085,374,38.32,2025-04-20 05:05:20,west,fertilizer
TXN-000514,DST-002,RTL-009,136,9.24,2025-04-20 09:19:05,central,seeds
TXN-000515,DST-024,RTL-033,222,23.25,2025-04-20 13:14:21,central,medicine
TXN-000516,DST-004,RTL-063,207,42.27,2025-04-21 01:45:08,east,fertilizer
TXN-000517,DST-001,RTL-072,163,7.97,2025-04-21 10:55:42,west,seeds
TXN-000518,DST-012,RTL-025,380,25.23,2025-04-21 14:47:56,north,medicine
TXN-000519,DST-036,RTL-025,142,14.54,2025-04-21 18:49:02,east,fertilizer
TXN-000520,MFG-006,DST-006,1008,62.71,2025-04-21 22:19:18,south,electronics
TXN-000521,MFG-005,DST-008,3788,49.74,2025-04-21 22:22:58,north,electronics
TXN-000522,DST-038,RTL-047,233,129.65,2025-04-21 22:41:29,west,electronics
TXN-000523,DST-022,RTL-029,165,32.05,2025-04-22 02:26:43,north,medicine
TXN-000524,DST-006,RTL-065,165,127.54,2025-04-22 12:06:07,central,electronics
TXN-000525,DST-020,RTL-035,202,22.97,2025-04-22 12:37:57,south,medicine
TXN-000526,MFG-008,DST-015,2025,3.44,2025-04-23 05:34:48,east,seeds
TXN-000527,MFG-005,DST-033,4502,11.69,2025-04-23 21:22:17,north,fertilizer
TXN-000528,DST-010,RTL-015,241,29.61,2025-04-23 22:04:11,central,medicine
TXN-000529,MFG-011,DST-031,3930,12.93,2025-04-23 23:50:00,central,fertilizer
TXN-000530,DST-015,RTL-046,187,3.25,2025-04-24 03:32:42,central,seeds
TXN-000531,DST-023,RTL-052,38,43.0,2025-04-24 09:08:54,central,fertilizer
TXN-000532,MFG-002,DST-020,2622,9.9,2025-04-24 13:13:01,west,medicine
TXN-000533,DST-036,RTL-025,389,15.03,2025-04-24 14:45:45,east,fertilizer
TXN-000534,MFG-004,DST-009,4158,8.15,2025-04-24 15:22:16,central,medicine
TXN-000535,MFG-003,DST-035,2598,9.86,2025-04-24 16:42:58,east,medicine
TXN-000536,DST-039,RTL-032,39,8.85,2025-04-24 20:47:57,west,seeds
TXN-000537,DST-002,RTL-085,360,10.54,2025-04-24 23:56:54,central,seeds
TXN-000538,MFG-005,DST-006,1377,50.6,2025-04-25 04:06:02,north,electronics
TXN-000539,DST-004,RTL-072,372,42.85,2025-04-25 05:34:29,east,fertilizer
TXN-000540,DST-021,RTL-043,25,27.99,2025-04-25 05:38:04,central,medicine
TXN-000541,MFG-005,DST-023,4827,10.82,2025-04-25 07:50:46,north,fertilizer
TXN-000542,DST-001,RTL-072,35,9.32,2025-04-25 12:12:00,west,seeds
TXN-000543,MFG-003,DST-028,989,10.38,2025-04-25 12:19:28,east,medicine
TXN-000544,DST-035,RTL-082,297,26.85,2025-04-25 19:08:21,east,medicine
TXN-000545,DST-003,RTL-013,386,31.67,2025-04-26 02:28:22,east,fertilizer
TXN-000546,DST-035,RTL-082,136,33.68,2025-04-26 04:28:57,east,medicine
TXN-000547,DST-016,RTL-054,169,245.67,2025-04-26 04:34:41,central,electronics
TXN-000548,DST-019,RTL-056,291,7.91,2025-04-26 04:57:09,south,seeds
TXN-000549,DST-035,RTL-082,165,26.75,2025-04-26 11:56:50,east,medicine
TXN-000550,DST-035,RTL-082,326,31.5,2025-04-26 12:15:54,east,medicine
TXN-000551,DST-039,RTL-032,349,8.14,2025-04-27 03:53:56,west,seeds
TXN-000552,DST-030,RTL-022,233,173.65,2025-04-27 08:47:33,south,electronics
TXN-000553,DST-036,RTL-003,284,14.52,2025-04-27 12:56:46,south,fertilizer
TXN-000554,DST-035,RTL-082,257,22.53,2025-04-27 22:33:43,east,medicine
TXN-000555,DST-035,RTL-082,250,26.23,2025-04-28 04:11:27,east,medicine
TXN-000556,MFG-005,DST-029,3456,3.39,2025-04-28 07:01:49,north,seeds
TXN-000557,MFG-005,DST-005,1299,62.8,2025-04-28 07:42:31,north,electronics
TXN-000558,DST-035,RTL-082,96,23.8,2025-04-28 10:50:08,east,medicine
TXN-000559,DST-023,RTL-088,394,36.17,2025-04-28 12:13:57,central,fertilizer
TXN-000560,DST-033,RTL-049,213,29.26,2025-04-29 00:08:17,west,fertilizer
TXN-000561,MFG-008,DST-004,3714,12.25,2025-04-29 07:41:35,east,fertilizer
TXN-000562,MFG-003,DST-018,4498,10.33,2025-04-29 19:12:35,east,fertilizer
TXN-000563,MFG-009,DST-006,4640,44.82,2025-04-29 21:48:51,north,electronics
TXN-000564,DST-013,RTL-015,370,29.82,2025-04-30 01:04:50,east,medicine
TXN-000565,MFG-006,DST-040,1890,14.12,2025-04-30 01:25:54,south,fertilizer
TXN-000566,DST-013,RTL-036,242,23.06,2025-04-30 01:51:04,east,medicine
TXN-000567,DST-001,RTL-019,185,8.62,2025-04-30 09:59:36,west,seeds
TXN-000568,DST-035,RTL-082,70,32.62,2025-04-30 12:09:43,east,medicine
TXN-000569,MFG-006,DST-027,567,61.99,2025-05-01 04:49:54,south,electronics
TXN-000570,DST-035,RTL-082,105,28.41,2025-05-01 06:51:13,east,medicine
TXN-000571,DST-038,RTL-076,44,160.45,2025-05-01 10:05:07,west,electronics
TXN-000572,DST-033,RTL-019,88,35.77,2025-05-01 10:48:47,west,fertilizer
TXN-000573,DST-035,RTL-082,177,24.14,2025-05-02 02:52:47,east,medicine
TXN-000574,DST-035,RTL-082,121,22.62,2025-05-02 05:53:44,east,medicine
TXN-000575,DST-035,RTL-082,206,26.63,2025-05-02 09:37:51,east,medicine
TXN-000576,DST-035,RTL-082,122,22.68,2025-05-02 13:05:59,east,medicine
TXN-000577,DST-008,RTL-067,248,112.87,2025-05-02 15:27:42,south,electronics
TXN-000578,DST-040,RTL-056,242,31.75,2025-05-02 16:11:37,west,fertilizer
TXN-000579,MFG-008,DST-017,3105,13.73,2025-05-03 00:30:12,east,fertilizer
TXN-000580,DST-019,RTL-056,23,11.53,2025-05-03 01:08:55,south,seeds
TXN-000581,MFG-007,DST-034,2083,14.83,2025-05-03 02:17:04,central,fertilizer
TXN-000582,DST-035,RTL-082,379,27.19,2025-05-03 06:35:27,east,medicine
TXN-000583,DST-003,RTL-063,127,44.49,2025-05-03 07:15:57,east,fertilizer
TXN-000584,MFG-012,DST-016,1880,59.96,2025-05-03 10:03:07,south,electronics
TXN-000585,DST-008,RTL-067,126,115.61,2025-05-03 14:33:55,south,electronics
TXN-000586,MFG-001,DST-022,1641,10.18,2025-05-03 15:24:13,central,medicine
TXN-000587,DST-027,RTL-015,363,121.19,2025-05-03 16:30:56,west,electronics
TXN-000588,MFG-010,DST-024,1608,9.37,2025-05-03 18:21:23,north,medicine
TXN-000589,DST-003,RTL-013,377,36.61,2025-05-04 06:47:09,east,fertilizer
TXN-000590,DST-035,RTL-082,388,30.19,2025-05-04 07:01:06,east,medicine
TXN-000591,MFG-009,DST-015,2272,3.31,2025-05-04 07:36:03,north,seeds
TXN-000592,DST-004,RTL-049,174,34.89,2025-05-04 09:09:54,east,fertilizer
TXN-000593,DST-011,RTL-027,39,43.5,2025-05-04 09:42:07,central,fertilizer
TXN-000594,DST-017,RTL-057,315,40.44,2025-05-04 12:45:04,central,fertilizer
TXN-000595,DST-003,RTL-006,216,43.0,2025-05-04 21:36:43,east,fertilizer
TXN-000596,DST-002,RTL-035,352,10.89,2025-05-05 05:15:21,central,seeds
TXN-000597,DST-015,RTL-083,32,2.73,2025-05-05 09:40:57,central,seeds
TXN-000598,MFG-006,DST-033,2971,12.46,2025-05-05 13:00:21,south,fertilizer
TXN-000599,DST-040,RTL-021,251,33.34,2025-05-06 00:19:26,west,fertilizer
TXN-000600,MFG-001,DST-039,444,3.51,2025-05-06 07:01:07,central,seeds
TXN-000601,DST-026,RTL-069,279,21.69,2025-05-06 07:15:36,east,medicine
TXN-000602,DST-007,RTL-059,208,40.34,2025-05-06 09:48:10,west,fertilizer
TXN-000603,MFG-005,DST-005,1134,59.29,2025-05-06 12:01:18,north,electronics
TXN-000604,DST-039,RTL-023,139,8.87,2025-05-06 12:34:46,west,seeds
TXN-000605,MFG-010,DST-023,3478,11.41,2025-05-07 03:41:07,north,fertilizer
TXN-000606,MFG-001,DST-022,2656,9.14,2025-05-07 09:26:52,central,medicine
TXN-000607,DST-030,RTL-024,176,129.36,2025-05-07 16:53:43,west,electronics
TXN-000608,DST-018,RTL-044,160,42.69,2025-05-07 18:12:25,east,fertilizer
TXN-000609,DST-040,RTL-020,364,32.16,2025-05-08 08:42:32,west,fertilizer
TXN-000610,MFG-002,DST-022,1842,9.23,2025-05-08 08:45:12,west,medicine
TXN-000611,DST-036,RTL-003,160,16.1,2025-05-09 18:05:23,north,fertilizer
TXN-000612,DST-036,RTL-003,335,16.5,2025-05-10 13:48:12,west,fertilizer
TXN-000613,DST-037,RTL-018,273,29.4,2025-05-10 16:38:16,west,fertilizer
TXN-000614,MFG-004,DST-009,4618,9.25,2025-05-10 21:32:49,central,medicine
TXN-000615,DST-005,RTL-017,359,115.18,2025-05-11 14:53:06,east,electronics
TXN-000616,DST-029,RTL-027,273,8.72,2025-05-11 22:00:49,east,seeds
TXN-000617,DST-021,RTL-045,395,33.4,2025-05-12 09:41:55,central,medicine
TXN-000618,MFG-009,DST-031,4195,13.1,2025-05-12 15:04:52,north,fertilizer
TXN-000619,DST-038,RTL-047,65,118.6,2025-05-12 18:14:06,west,electronics
TXN-000620,DST-001,RTL-019,322,10.24,2025-05-13 00:21:11,west,seeds
TXN-000621,MFG-005,DST-033,3806,12.48,2025-05-13 01:48:36,north,fertilizer
TXN-000622,MFG-011,DST-029,1675,4.26,2025-05-13 02:13:23,central,seeds
TXN-000623,MFG-007,DST-034,1511,15.24,2025-05-13 08:31:49,central,fertilizer
TXN-000624,MFG-009,DST-014,883,14.55,2025-05-13 10:27:18,north,fertilizer
TXN-000625,DST-034,RTL-074,230,30.66,2025-05-13 10:41:00,north,fertilizer
TXN-000626,DST-036,RTL-010,95,15.64,2025-05-13 20:52:58,south,fertilizer
TXN-000627,DST-036,RTL-010,354,14.95,2025-05-14 11:44:40,west,fertilizer
TXN-000628,DST-033,RTL-019,160,39.77,2025-05-14 13:59:10,west,fertilizer
TXN-000629,MFG-002,DST-037,1300,12.5,2025-05-14 19:33:49,west,fertilizer
TXN-000630,MFG-005,DST-006,1453,60.66,2025-05-15 04:18:19,north,electronics
TXN-000631,DST-031,RTL-032,353,39.05,2025-05-15 17:10:07,north,fertilizer
TXN-000632,DST-007,RTL-044,32,36.45,2025-05-16 02:03:33,west,fertilizer
TXN-000633,MFG-004,DST-032,2429,58.66,2025-05-16 10:26:32,central,electronics
TXN-000634,MFG-001,DST-007,1311,15.45,2025-05-16 21:10:34,central,fertilizer
TXN-000635,DST-004,RTL-063,48,42.6,2025-05-17 06:36:05,east,fertilizer
TXN-000636,MFG-012,DST-018,924,14.64,2025-05-17 06:50:06,south,fertilizer
TXN-000637,MFG-004,DST-032,2566,58.56,2025-05-17 11:23:06,central,electronics
TXN-000638,MFG-005,DST-008,1043,59.81,2025-05-17 13:49:50,north,electronics
TXN-000639,DST-036,RTL-010,151,15.47,2025-05-17 15:52:46,south,fertilizer
TXN-000640,DST-023,RTL-068,398,34.2,2025-05-17 15:56:09,central,fertilizer
TXN-000641,MFG-001,DST-003,2182,12.26,2025-05-17 16:27:48,central,fertilizer
TXN-000642,DST-036,RTL-010,160,15.38,2025-05-17 19:43:57,south,fertilizer
TXN-000643,DST-027,RTL-045,380,170.25,2025-05-17 21:56:40,west,electronics
TXN-000644,MFG-001,DST-031,1398,14.01,2025-05-17 23:33:48,central,fertilizer
TXN-000645,MFG-001,DST-025,3651,3.19,2025-05-18 06:01:42,central,seeds
TXN-000646,DST-026,RTL-028,328,29.47,2025-05-18 08:21:12,east,medicine
TXN-000647,DST-013,RTL-036,188,33.45,2025-05-18 10:26:20,east,medicine
TXN-000648,DST-016,RTL-064,246,281.67,2025-05-18 13:04:48,central,electronics
TXN-000649,DST-036,RTL-010,220,15.07,2025-05-19 00:17:25,east,fertilizer
TXN-000650,DST-002,RTL-035,308,9.67,2025-05-19 00:51:34,central,seeds
TXN-000651,DST-016,RTL-042,58,314.31,2025-05-19 10:36:40,central,electronics
TXN-000652,MFG-009,DST-002,4507,2.95,2025-05-19 10:50:23,north,seeds
TXN-000653,DST-036,RTL-010,359,15.84,2025-05-20 04:56:57,south,fertilizer
TXN-000654,MFG-001,DST-003,4861,12.34,2025-05-20 05:35:49,central,fertilizer
TXN-000655,DST-003,RTL-024,144,34.09,2025-05-20 12:15:26,east,fertilizer
TXN-000656,DST-021,RTL-038,156,31.4,2025-05-20 12:31:27,central,medicine
TXN-000657,MFG-007,DST-024,4740,8.79,2025-05-20 16:32:32,central,medicine
TXN-000658,DST-006,RTL-018,324,112.53,2025-05-20 19:34:15,central,electronics
TXN-000659,DST-027,RTL-017,91,154.96,2025-05-21 05:04:55,west,electronics
TXN-000660,DST-036,RTL-010,255,15.67,2025-05-21 05:05:55,south,fertilizer
TXN-000661,DST-012,RTL-012,191,25.87,2025-05-21 05:34:52,north,medicine
TXN-000662,DST-023,RTL-022,319,31.99,2025-05-21 09:22:34,central,fertilizer
TXN-000663,DST-030,RTL-088,271,174.96,2025-05-21 10:34:25,central,electronics
TXN-000664,DST-036,RTL-010,158,15.46,2025-05-22 05:22:55,south,fertilizer
TXN-000665,DST-008,RTL-069,212,126.27,2025-05-22 05:24:23,south,electronics
TXN-000666,MFG-003,DST-029,2383,3.42,2025-05-22 14:58:30,east,seeds
TXN-000667,MFG-003,DST-040,2643,12.0,2025-05-22 19:37:56,east,fertilizer
TXN-000668,MFG-006,DST-026,2282,11.03,2025-05-23 09:01:11,south,medicine
TXN-000669,DST-011,RTL-027,268,38.33,2025-05-23 11:38:14,central,fertilizer
TXN-000670,DST-025,RTL-068,349,11.19,2025-05-23 19:08:50,west,seeds
TXN-000671,DST-011,RTL-084,94,39.16,2025-05-24 01:30:59,central,fertilizer
TXN-000672,DST-006,RTL-044,155,150.88,2025-05-24 14:35:54,central,electronics
TXN-000673,DST-014,RTL-026,271,34.01,2025-05-24 14:52:21,north,fertilizer
TXN-000674,DST-023,RTL-089,370,34.72,2025-05-24 18:37:43,central,fertilizer
TXN-000675,DST-010,RTL-015,115,25.1,2025-05-24 20:08:10,central,medicine
TXN-000676,DST-032,RTL-039,166,157.43,2025-05-25 03:48:01,central,electronics
TXN-000677,DST-002,RTL-085,232,10.95,2025-05-25 04:22:05,central,seeds
TXN-000678,DST-040,RTL-021,285,30.66,2025-05-25 07:10:08,west,fertilizer
TXN-000679,DST-005,RTL-015,162,153.17,2025-05-25 08:44:42,east,electronics
TXN-000680,MFG-005,DST-005,1029,59.07,2025-05-25 08:57:03,north,electronics
TXN-000681,DST-018,RTL-086,359,33.35,2025-05-25 09:59:09,east,fertilizer
TXN-000682,DST-004,RTL-010,259,33.5,2025-05-25 15:54:46,east,fertilizer
TXN-000683,MFG-004,DST-030,2283,57.43,2025-05-25 17:07:33,central,electronics
TXN-000684,DST-026,RTL-031,253,30.31,2025-05-25 23:46:52,east,medicine
TXN-000685,DST-036,RTL-010,149,16.32,2025-05-26 05:24:43,south,fertilizer
TXN-000686,DST-012,RTL-014,131,24.66,2025-05-26 06:28:15,north,medicine
TXN-000687,DST-036,RTL-010,78,16.67,2025-05-26 06:38:36,north,fertilizer
TXN-000688,MFG-003,DST-001,4774,3.25,2025-05-26 08:53:37,east,seeds
TXN-000689,MFG-001,DST-037,4293,10.63,2025-05-26 16:54:48,central,fertilizer
TXN-000690,DST-009,RTL-001,350,24.69,2025-05-26 21:49:35,east,medicine
TXN-000691,DST-032,RTL-015,151,152.39,2025-05-27 01:22:13,central,electronics
TXN-000692,MFG-003,DST-035,547,12.33,2025-05-27 04:11:47,east,medicine
TXN-000693,MFG-004,DST-009,3347,10.31,2025-05-27 22:10:14,central,medicine
TXN-000694,MFG-007,DST-034,3550,12.32,2025-05-28 00:33:47,central,fertilizer
TXN-000695,DST-016,RTL-034,297,278.76,2025-05-28 04:24:09,central,electronics
TXN-000696,MFG-001,DST-039,2780,3.91,2025-05-28 05:23:50,central,seeds
TXN-000697,MFG-001,DST-031,3797,12.37,2025-05-28 20:17:27,central,fertilizer
TXN-000698,MFG-010,DST-019,1000,3.8,2025-05-29 05:17:32,north,seeds
TXN-000699,DST-005,RTL-003,190,140.42,2025-05-29 07:17:43,east,electronics
TXN-000700,DST-016,RTL-064,43,297.47,2025-05-29 07:51:24,central,electronics
TXN-000701,DST-007,RTL-061,209,30.66,2025-05-29 10:21:48,west,fertilizer
TXN-000702,MFG-004,DST-030,1857,47.45,2025-05-29 11:50:58,central,electronics
TXN-000703,MFG-006,DST-022,3265,8.34,2025-05-29 13:22:52,south,medicine
TXN-000704,DST-040,RTL-033,61,34.99,2025-05-30 03:31:13,west,fertilizer
TXN-000705,MFG-001,DST-007,2511,12.02,2025-05-30 03:59:22,central,fertilizer
TXN-000706,MFG-010,DST-017,2780,12.64,2025-05-30 06:12:25,north,fertilizer
TXN-000707,DST-010,RTL-015,180,26.39,2025-05-30 20:27:44,central,medicine
TXN-000708,MFG-003,DST-035,4910,9.59,2025-05-30 22:44:01,east,medicine
TXN-000709,DST-007,RTL-044,168,37.95,2025-05-31 01:10:28,west,fertilizer
TXN-000710,DST-013,RTL-049,86,28.06,2025-05-31 01:25:01,east,medicine
TXN-000711,MFG-005,DST-029,4876,3.21,2025-05-31 04:39:32,north,seeds
TXN-000712,DST-001,RTL-054,54,11.25,2025-05-31 04:53:14,west,seeds
TXN-000713,DST-007,RTL-029,396,34.37,2025-05-31 06:07:58,west,fertilizer
TXN-000714,DST-001,RTL-026,193,12.06,2025-05-31 10:26:03,west,seeds
TXN-000715,MFG-005,DST-021,3959,10.03,2025-05-31 22:48:07,north,medicine
TXN-000716,DST-015,RTL-066,292,2.54,2025-06-01 10:10:38,central,seeds
TXN-000717,DST-027,RTL-067,151,150.33,2025-06-01 12:42:35,west,electronics
TXN-000718,MFG-010,DST-024,1513,10.55,2025-06-01 15:13:00,north,medicine
TXN-000719,MFG-001,DST-037,2698,14.69,2025-06-01 19:36:20,central,fertilizer
TXN-000720,DST-017,RTL-087,232,32.24,2025-06-02 00:13:34,central,fertilizer
TXN-000721,DST-003,RTL-063,242,35.65,2025-06-02 04:28:55,east,fertilizer
TXN-000722,DST-040,RTL-033,386,32.96,2025-06-02 04:58:03,west,fertilizer
TXN-000723,MFG-010,DST-015,641,4.18,2025-06-02 20:59:33,north,seeds
TXN-000724,MFG-001,DST-037,3595,12.42,2025-06-02 21:47:19,central,fertilizer
TXN-000725,DST-026,RTL-017,44,29.64,2025-06-02 22:52:54,east,medicine
TXN-000726,DST-020,RTL-036,343,33.31,2025-06-02 23:46:46,south,medicine
TXN-000727,MFG-011,DST-031,4520,11.47,2025-06-03 04:18:32,central,fertilizer
TXN-000728,MFG-002,DST-022,3559,8.59,2025-06-03 08:39:51,west,medicine
TXN-000729,MFG-003,DST-032,1699,50.36,2025-06-04 18:06:57,east,electronics
TXN-000730,MFG-006,DST-027,2443,49.59,2025-06-04 19:47:31,south,electronics
TXN-000731,DST-003,RTL-067,296,32.45,2025-06-05 02:08:46,east,fertilizer
TXN-000732,MFG-005,DST-038,2561,52.33,2025-06-05 14:33:27,north,electronics
TXN-000733,DST-027,RTL-023,96,154.45,2025-06-05 19:12:36,west,electronics
TXN-000734,DST-019,RTL-047,141,7.77,2025-06-05 20:06:17,south,seeds
TXN-000735,DST-016,RTL-034,37,296.01,2025-06-06 00:13:30,central,electronics
TXN-000736,MFG-008,DST-015,2261,4.09,2025-06-06 03:35:49,east,seeds
TXN-000737,DST-009,RTL-063,224,29.58,2025-06-06 12:06:40,east,medicine
TXN-000738,DST-006,RTL-018,325,146.28,2025-06-06 14:16:13,central,electronics
TXN-000739,DST-031,RTL-062,300,36.26,2025-06-06 16:50:23,north,fertilizer
TXN-000740,DST-014,RTL-038,160,40.18,2025-06-06 18:27:30,north,fertilizer
TXN-000741,MFG-011,DST-018,4872,12.92,2025-06-06 22:43:59,central,fertilizer
TXN-000742,DST-004,RTL-079,164,33.44,2025-06-07 05:19:31,east,fertilizer
TXN-000743,DST-028,RTL-077,92,23.05,2025-06-07 09:38:52,west,medicine
TXN-000744,DST-021,RTL-045,338,28.16,2025-06-08 01:10:49,central,medicine
TXN-000745,MFG-005,DST-008,1093,61.64,2025-06-08 03:31:25,north,electronics
TXN-000746,MFG-001,DST-003,2920,14.73,2025-06-08 16:31:38,central,fertilizer
TXN-000747,DST-013,RTL-065,281,25.84,2025-06-09 02:26:06,east,medicine
TXN-000748,MFG-010,DST-015,3689,3.81,2025-06-09 03:10:23,north,seeds
TXN-000749,MFG-005,DST-021,1504,9.5,2025-06-09 05:32:53,north,medicine
TXN-000750,MFG-007,DST-010,1936,9.99,2025-06-09 19:02:26,central,medicine
TXN-000751,DST-033,RTL-049,146,29.2,2025-06-10 00:49:53,west,fertilizer
TXN-000752,DST-003,RTL-024,83,44.35,2025-06-10 04:02:39,east,fertilizer
TXN-000753,DST-040,RTL-073,229,41.29,2025-06-11 15:34:04,west,fertilizer
TXN-000754,DST-025,RTL-026,93,12.23,2025-06-11 17:09:37,west,seeds
TXN-000755,MFG-003,DST-032,2185,50.92,2025-06-11 18:55:12,east,electronics
TXN-000756,DST-011,RTL-027,312,29.23,2025-06-11 22:32:35,central,fertilizer
TXN-000757,MFG-011,DST-026,759,11.04,2025-06-12 01:09:04,central,medicine
TXN-000758,DST-013,RTL-064,133,33.63,2025-06-12 02:24:59,east,medicine
TXN-000759,DST-020,RTL-036,284,32.3,2025-06-12 05:21:10,south,medicine
TXN-000760,MFG-008,DST-015,2726,3.22,2025-06-12 10:00:47,east,seeds
TXN-000761,DST-037,RTL-037,156,31.56,2025-06-12 10:17:04,west,fertilizer
TXN-000762,DST-013,RTL-089,254,30.6,2025-06-13 03:34:55,east,medicine
TXN-000763,DST-040,RTL-020,30,33.75,2025-06-13 07:08:10,west,fertilizer
TXN-000764,DST-024,RTL-090,126,31.92,2025-06-13 10:43:29,central,medicine
TXN-000765,MFG-003,DST-028,526,10.74,2025-06-13 10:44:36,east,medicine
TXN-000766,DST-019,RTL-056,334,10.77,2025-06-13 13:32:59,south,seeds
TXN-000767,MFG-001,DST-022,2461,10.08,2025-06-14 00:15:51,central,medicine
TXN-000768,DST-031,RTL-021,322,33.25,2025-06-14 00:18:37,north,fertilizer
TXN-000769,MFG-007,DST-034,1447,15.14,2025-06-15 01:00:30,central,fertilizer
TXN-000770,MFG-010,DST-017,1652,15.03,2025-06-15 01:21:29,north,fertilizer
TXN-000771,DST-007,RTL-029,205,44.14,2025-06-15 07:44:20,west,fertilizer
TXN-000772,DST-011,RTL-055,241,42.88,2025-06-15 12:31:29,central,fertilizer
TXN-000773,DST-003,RTL-063,324,35.19,2025-06-15 16:01:07,east,fertilizer
TXN-000774,MFG-008,DST-004,2875,13.51,2025-06-15 19:35:12,east,fertilizer
TXN-000775,MFG-002,DST-017,4965,12.03,2025-06-15 19:59:19,west,fertilizer
TXN-000776,MFG-006,DST-003,1221,14.1,2025-06-15 20:01:13,south,fertilizer
TXN-000777,DST-001,RTL-075,84,7.94,2025-06-16 08:21:04,west,seeds
TXN-000778,MFG-002,DST-037,4211,13.63,2025-06-16 10:00:18,west,fertilizer
TXN-000779,DST-027,RTL-017,275,165.6,2025-06-16 18:04:16,west,electronics
TXN-000780,MFG-002,DST-012,4917,8.64,2025-06-16 21:55:04,west,medicine
TXN-000781,MFG-012,DST-037,2342,13.87,2025-06-17 00:45:46,south,fertilizer
TXN-000782,MFG-005,DST-021,2163,9.01,2025-06-17 02:44:02,north,medicine
TXN-000783,DST-038,RTL-084,333,158.54,2025-06-17 14:42:23,west,electronics
TXN-000784,DST-032,RTL-083,55,160.96,2025-06-17 16:53:20,central,electronics
TXN-000785,DST-013,RTL-049,177,29.08,2025-06-17 21:11:38,east,medicine
TXN-000786,DST-019,RTL-047,175,8.78,2025-06-17 22:11:20,south,seeds
TXN-000787,DST-021,RTL-062,55,23.21,2025-06-18 06:44:24,central,medicine
TXN-000788,DST-014,RTL-043,330,39.02,2025-06-18 10:12:27,north,fertilizer
TXN-000789,DST-028,RTL-072,194,33.68,2025-06-18 14:02:56,west,medicine
TXN-000790,DST-037,RTL-002,354,37.85,2025-06-18 14:54:57,west,fertilizer
TXN-000791,DST-038,RTL-007,395,148.9,2025-06-18 18:30:19,west,electronics
TXN-000792,DST-033,RTL-049,84,35.49,2025-06-19 07:50:09,west,fertilizer
TXN-000793,MFG-009,DST-031,859,16.15,2025-06-19 17:10:40,north,fertilizer
TXN-000794,DST-003,RTL-043,45,41.49,2025-06-19 17:57:20,east,fertilizer
TXN-000795,DST-010,RTL-015,63,27.35,2025-06-19 18:52:04,central,medicine
TXN-000796,DST-027,RTL-067,251,173.07,2025-06-19 23:32:24,west,electronics
TXN-000797,MFG-005,DST-033,2163,12.89,2025-06-20 08:32:16,north,fertilizer
TXN-000798,DST-013,RTL-065,273,27.44,2025-06-20 08:33:57,east,medicine
TXN-000799,MFG-003,DST-040,2244,12.26,2025-06-21 03:06:19,east,fertilizer
TXN-000800,MFG-005,DST-029,4539,2.81,2025-06-21 05:48:33,north,seeds
TXN-000801,DST-040,RTL-073,294,37.6,2025-06-21 11:53:15,west,fertilizer
TXN-000802,DST-024,RTL-009,181,22.7,2025-06-21 16:48:00,central,medicine
TXN-000803,MFG-003,DST-032,3883,53.53,2025-06-21 17:51:46,east,electronics
TXN-000804,DST-007,RTL-029,121,35.4,2025-06-21 23:48:55,west,fertilizer
TXN-000805,MFG-001,DST-031,4612,12.97,2025-06-22 08:53:11,central,fertilizer
TXN-000806,DST-021,RTL-038,317,21.81,2025-06-22 10:36:27,central,medicine
TXN-000807,MFG-008,DST-028,1532,9.15,2025-06-23 01:32:31,east,medicine
TXN-000808,MFG-003,DST-026,3014,9.4,2025-06-23 14:36:53,east,medicine
TXN-000809,DST-012,RTL-079,310,29.21,2025-06-24 05:27:39,north,medicine
TXN-000810,MFG-001,DST-037,615,14.24,2025-06-24 12:39:04,central,fertilizer
TXN-000811,DST-033,RTL-019,196,32.57,2025-06-24 16:44:01,west,fertilizer
TXN-000812,MFG-003,DST-026,4778,8.77,2025-06-24 21:20:18,east,medicine
TXN-000813,MFG-002,DST-023,4265,12.5,2025-06-25 11:26:56,west,fertilizer
TXN-000814,DST-023,RTL-052,156,31.4,2025-06-25 12:33:06,central,fertilizer
TXN-000815,MFG-003,DST-035,425,10.73,2025-06-25 13:23:44,east,medicine
TXN-000816,DST-039,RTL-032,388,10.57,2025-06-26 16:36:03,west,seeds
TXN-000817,MFG-006,DST-033,3331,13.47,2025-06-26 22:12:54,south,fertilizer
TXN-000818,MFG-009,DST-014,1845,12.42,2025-06-27 23:46:00,north,fertilizer
TXN-000819,DST-009,RTL-039,330,23.65,2025-06-28 07:27:00,east,medicine
TXN-000820,MFG-003,DST-034,4706,12.12,2025-06-28 15:05:50,east,fertilizer
TXN-000821,DST-014,RTL-026,275,33.82,2025-06-29 09:50:57,north,fertilizer
TXN-000822,DST-023,RTL-022,64,39.9,2025-06-29 11:31:35,central,fertilizer
TXN-000823,DST-012,RTL-079,113,32.95,2025-06-29 13:17:20,north,medicine
TXN-000824,DST-004,RTL-061,324,35.73,2025-06-30 04:34:41,east,fertilizer
TXN-000825,MFG-010,DST-015,3558,3.66,2025-06-30 14:28:02,north,seeds
TXN-000826,DST-037,RTL-043,357,34.01,2025-06-30 17:57:54,west,fertilizer
TXN-000827,DST-015,RTL-066,266,2.33,2025-06-30 20:17:40,central,seeds
TXN-000828,DST-032,RTL-015,23,176.85,2025-07-01 03:56:06,central,electronics
TXN-000829,DST-022,RTL-011,238,25.45,2025-07-01 07:08:40,north,medicine
TXN-000830,DST-033,RTL-019,355,32.54,2025-07-01 10:06:42,west,fertilizer
TXN-000831,DST-039,RTL-056,363,8.53,2025-07-01 10:50:05,west,seeds
TXN-000832,MFG-010,DST-015,1580,3.36,2025-07-01 15:11:09,north,seeds
TXN-000833,DST-018,RTL-033,267,32.03,2025-07-01 16:59:02,east,fertilizer
TXN-000834,DST-027,RTL-017,321,162.05,2025-07-01 17:40:44,west,electronics
TXN-000835,MFG-003,DST-026,3475,8.62,2025-07-01 19:34:28,east,medicine
TXN-000836,DST-040,RTL-056,333,30.78,2025-07-02 10:15:03,west,fertilizer
TXN-000837,DST-039,RTL-032,253,10.88,2025-07-02 14:47:11,west,seeds
TXN-000838,DST-040,RTL-033,181,43.11,2025-07-02 18:34:35,west,fertilizer
TXN-000839,MFG-002,DST-023,2779,14.29,2025-07-02 18:47:41,west,fertilizer
TXN-000840,DST-027,RTL-001,123,139.88,2025-07-03 03:08:27,west,electronics
TXN-000841,DST-020,RTL-061,180,30.66,2025-07-03 04:18:37,south,medicine
TXN-000842,DST-003,RTL-067,41,35.35,2025-07-03 17:13:37,east,fertilizer
TXN-000843,MFG-005,DST-023,3601,13.34,2025-07-03 18:22:50,north,fertilizer
TXN-000844,DST-004,RTL-049,58,36.53,2025-07-03 20:01:28,east,fertilizer
TXN-000845,MFG-004,DST-009,3184,10.35,2025-07-04 09:09:06,central,medicine
TXN-000846,DST-005,RTL-036,81,166.02,2025-07-05 18:08:15,east,electronics
TXN-000847,DST-011,RTL-084,131,44.16,2025-07-06 21:02:15,central,fertilizer
TXN-000848,MFG-008,DST-004,2807,13.28,2025-07-07 11:40:44,east,fertilizer
TXN-000849,DST-017,RTL-086,175,28.84,2025-07-07 19:54:20,central,fertilizer
TXN-000850,MFG-004,DST-030,2431,48.03,2025-07-07 22:49:57,central,electronics
TXN-000851,DST-014,RTL-026,130,31.21,2025-07-08 19:32:24,north,fertilizer
TXN-000852,DST-011,RTL-027,130,35.96,2025-07-09 04:17:26,central,fertilizer
TXN-000853,DST-014,RTL-043,53,31.86,2025-07-09 09:03:10,north,fertilizer
TXN-000854,MFG-012,DST-037,2214,12.7,2025-07-09 10:28:28,south,fertilizer
TXN-000855,DST-010,RTL-086,250,32.81,2025-07-09 14:32:34,central,medicine
TXN-000856,DST-016,RTL-014,360,324.71,2025-07-10 11:05:18,central,electronics
TXN-000857,MFG-005,DST-008,680,54.06,2025-07-10 22:23:12,north,electronics
TXN-000858,MFG-007,DST-025,1560,3.52,2025-07-10 23:28:23,central,seeds
TXN-000859,DST-031,RTL-062,25,32.14,2025-07-11 08:46:24,north,fertilizer
TXN-000860,DST-028,RTL-072,195,31.57,2025-07-11 15:59:00,west,medicine
TXN-000861,DST-006,RTL-044,300,145.48,2025-07-11 22:59:42,central,electronics
TXN-000862,DST-032,RTL-039,316,177.0,2025-07-12 04:29:10,central,electronics
TXN-000863,DST-020,RTL-056,128,33.73,2025-07-12 05:55:00,south,medicine
TXN-000864,DST-022,RTL-047,346,21.54,2025-07-12 09:43:43,north,medicine
TXN-000865,DST-019,RTL-011,113,10.61,2025-07-12 13:45:45,south,seeds
TXN-000866,DST-024,RTL-027,154,28.1,2025-07-12 16:57:27,central,medicine
TXN-000867,DST-011,RTL-083,357,41.73,2025-07-12 19:06:34,central,fertilizer
TXN-000868,MFG-012,DST-037,3964,11.41,2025-07-12 21:50:58,south,fertilizer
TXN-000869,DST-040,RTL-076,63,36.34,2025-07-12 22:32:47,west,fertilizer
TXN-000870,DST-040,RTL-073,96,29.4,2025-07-13 05:08:40,west,fertilizer
TXN-000871,DST-038,RTL-085,254,150.85,2025-07-13 06:16:15,west,electronics
TXN-000872,MFG-004,DST-036,1040,13.53,2025-07-13 14:15:12,central,fertilizer
TXN-000873,DST-013,RTL-015,267,26.03,2025-07-13 15:27:10,east,medicine
TXN-000874,DST-039,RTL-056,122,9.01,2025-07-13 19:41:22,west,seeds
TXN-000875,DST-015,RTL-046,60,2.37,2025-07-14 03:56:07,central,seeds
TXN-000876,MFG-008,DST-032,1761,54.86,2025-07-14 11:19:02,east,electronics
TXN-000877,MFG-001,DST-013,2077,10.25,2025-07-14 15:02:22,central,medicine
TXN-000878,MFG-004,DST-024,4657,9.34,2025-07-15 02:46:56,central,medicine
TXN-000879,DST-002,RTL-053,56,8.07,2025-07-15 16:24:41,central,seeds
TXN-000880,DST-007,RTL-043,118,35.39,2025-07-15 19:45:04,west,fertilizer
TXN-000881,MFG-010,DST-019,2529,3.85,2025-07-15 22:35:41,north,seeds
TXN-000882,MFG-003,DST-027,3259,56.08,2025-07-16 08:28:22,east,electronics
TXN-000883,DST-001,RTL-080,345,10.4,2025-07-16 12:21:07,west,seeds
TXN-000884,MFG-006,DST-011,2868,13.82,2025-07-16 13:32:28,south,fertilizer
TXN-000885,DST-009,RTL-063,115,22.19,2025-07-17 02:59:51,east,medicine
TXN-000886,MFG-011,DST-035,3074,9.37,2025-07-17 06:45:42,central,medicine
TXN-000887,MFG-001,DST-007,3080,13.05,2025-07-17 17:16:43,central,fertilizer
TXN-000888,DST-015,RTL-021,148,2.39,2025-07-17 22:43:28,central,seeds
TXN-000889,DST-013,RTL-089,104,26.05,2025-07-17 23:55:42,east,medicine
TXN-000890,DST-022,RTL-047,271,22.41,2025-07-18 01:33:10,north,medicine
TXN-000891,DST-034,RTL-043,276,41.02,2025-07-18 08:10:46,north,fertilizer
TXN-000892,MFG-003,DST-018,3834,12.16,2025-07-18 09:59:16,east,fertilizer
TXN-000893,DST-023,RTL-088,273,34.25,2025-07-18 11:37:29,central,fertilizer
TXN-000894,DST-038,RTL-047,204,124.81,2025-07-18 15:01:17,west,electronics
TXN-000895,MFG-003,DST-038,3384,45.35,2025-07-18 18:08:27,east,electronics
TXN-000896,DST-012,RTL-014,334,21.25,2025-07-18 20:26:34,north,medicine
TXN-000897,DST-004,RTL-063,95,36.58,2025-07-19 05:59:14,east,fertilizer
TXN-000898,DST-036,RTL-010,187,16.12,2025-07-19 08:44:13,south,fertilizer
TXN-000899,MFG-008,DST-028,2154,9.43,2025-07-20 03:29:53,east,medicine
TXN-000900,DST-011,RTL-084,121,28.84,2025-07-20 17:12:01,central,fertilizer
TXN-000901,DST-037,RTL-037,348,36.11,2025-07-20 21:02:07,west,fertilizer
TXN-000902,DST-040,RTL-056,194,28.73,2025-07-20 22:54:33,west,fertilizer
TXN-000903,MFG-008,DST-032,3023,48.56,2025-07-21 02:48:44,east,electronics
TXN-000904,MFG-006,DST-019,1009,3.41,2025-07-21 03:19:40,south,seeds
TXN-000905,DST-015,RTL-037,322,3.05,2025-07-21 16:17:48,central,seeds
TXN-000906,DST-036,RTL-010,390,15.08,2025-07-22 01:51:53,south,fertilizer
TXN-000907,DST-028,RTL-072,71,24.71,2025-07-22 13:52:43,west,medicine
TXN-000908,DST-004,RTL-061,164,40.44,2025-07-23 14:33:14,east,fertilizer
TXN-000909,MFG-009,DST-006,1747,58.37,2025-07-24 19:02:57,north,electronics
TXN-000910,MFG-002,DST-037,1839,13.58,2025-07-24 20:56:26,west,fertilizer
TXN-000911,MFG-004,DST-030,2978,52.54,2025-07-24 22:09:38,central,electronics
TXN-000912,DST-034,RTL-074,27,34.79,2025-07-25 00:52:46,north,fertilizer
TXN-000913,DST-036,RTL-029,43,16.86,2025-07-25 07:27:12,south,fertilizer
TXN-000914,DST-036,RTL-029,171,15.39,2025-07-25 10:19:04,south,fertilizer
TXN-000915,MFG-001,DST-039,3054,3.27,2025-07-25 11:13:56,central,seeds
TXN-000916,MFG-012,DST-011,2892,14.31,2025-07-25 16:42:17,south,fertilizer
TXN-000917,DST-013,RTL-065,169,24.93,2025-07-25 21:13:54,east,medicine
TXN-000918,DST-010,RTL-039,367,28.53,2025-07-26 22:21:49,central,medicine
TXN-000919,DST-006,RTL-079,388,121.79,2025-07-27 06:27:23,central,electronics
TXN-000920,DST-004,RTL-079,179,33.42,2025-07-27 10:02:47,east,fertilizer
TXN-000921,DST-039,RTL-029,330,8.35,2025-07-27 20:13:12,west,seeds
TXN-000922,DST-010,RTL-019,275,25.04,2025-07-28 01:56:59,central,medicine
TXN-000923,DST-037,RTL-037,101,30.52,2025-07-28 03:58:47,west,fertilizer
TXN-000924,DST-036,RTL-029,137,15.17,2025-07-28 08:28:06,east,fertilizer
TXN-000925,DST-040,RTL-020,374,35.65,2025-07-28 16:52:23,west,fertilizer
TXN-000926,MFG-010,DST-021,4222,8.43,2025-07-29 15:39:46,north,medicine
TXN-000927,DST-036,RTL-029,139,16.49,2025-07-29 16:22:23,south,fertilizer
TXN-000928,DST-033,RTL-004,258,33.75,2025-07-29 16:31:43,west,fertilizer
TXN-000929,MFG-010,DST-017,2781,12.9,2025-07-29 21:03:40,north,fertilizer
TXN-000930,DST-037,RTL-018,80,29.31,2025-07-29 23:18:39,west,fertilizer
TXN-000931,DST-003,RTL-024,50,31.33,2025-07-30 00:17:38,east,fertilizer
TXN-000932,MFG-005,DST-023,659,14.24,2025-07-30 05:27:59,north,fertilizer
TXN-000933,DST-009,RTL-073,67,29.36,2025-07-30 06:16:16,east,medicine
TXN-000934,MFG-002,DST-017,1631,13.05,2025-07-30 13:19:37,west,fertilizer
TXN-000935,MFG-004,DST-036,1372,14.23,2025-07-30 13:19:41,central,fertilizer
TXN-000936,MFG-003,DST-008,3326,47.55,2025-07-30 22:54:54,east,electronics
TXN-000937,DST-023,RTL-022,173,40.34,2025-07-31 00:11:15,central,fertilizer
TXN-000938,DST-036,RTL-029,134,16.71,2025-07-31 01:19:03,west,fertilizer
TXN-000939,DST-029,RTL-059,240,9.48,2025-07-31 03:23:01,east,seeds
TXN-000940,DST-002,RTL-009,161,9.8,2025-07-31 08:31:04,central,seeds
TXN-000941,DST-009,RTL-001,354,32.84,2025-07-31 09:28:23,east,medicine
TXN-000942,DST-037,RTL-018,393,31.46,2025-07-31 12:12:20,west,fertilizer
TXN-000943,MFG-010,DST-010,3421,9.46,2025-07-31 13:07:21,north,medicine
TXN-000944,MFG-003,DST-038,4853,47.0,2025-07-31 16:07:35,east,electronics
TXN-000945,DST-004,RTL-072,161,36.8,2025-08-01 05:18:24,east,fertilizer
TXN-000946,MFG-010,DST-010,4657,8.69,2025-08-01 07:08:30,north,medicine
TXN-000947,DST-032,RTL-083,230,158.14,2025-08-01 14:39:26,central,electronics
TXN-000948,MFG-004,DST-032,4812,42.58,2025-08-01 18:27:20,central,electronics
TXN-000949,MFG-005,DST-006,1630,49.74,2025-08-01 18:39:18,north,electronics
TXN-000950,MFG-007,DST-009,3395,9.79,2025-08-02 00:41:58,central,medicine
TXN-000951,DST-039,RTL-015,314,9.41,2025-08-02 02:27:32,west,seeds
TXN-000952,MFG-003,DST-040,3734,13.18,2025-08-02 10:12:36,east,fertilizer
TXN-000953,MFG-006,DST-040,2721,12.57,2025-08-02 10:23:00,south,fertilizer
TXN-000954,DST-040,RTL-056,163,42.43,2025-08-02 15:33:57,west,fertilizer
TXN-000955,DST-040,RTL-021,340,33.31,2025-08-03 00:14:02,west,fertilizer
TXN-000956,MFG-012,DST-016,4325,47.14,2025-08-03 01:21:28,south,electronics
TXN-000957,DST-007,RTL-061,72,36.48,2025-08-03 04:39:01,west,fertilizer
TXN-000958,DST-037,RTL-043,365,42.85,2025-08-03 06:51:41,west,fertilizer
TXN-000959,DST-011,RTL-027,301,34.73,2025-08-03 07:13:47,central,fertilizer
TXN-000960,DST-039,RTL-065,237,11.81,2025-08-03 22:08:06,west,seeds
TXN-000961,DST-013,RTL-045,166,31.53,2025-08-04 04:17:40,east,medicine
TXN-000962,MFG-011,DST-018,2483,11.81,2025-08-04 04:33:59,central,fertilizer
TXN-000963,MFG-004,DST-036,2822,11.9,2025-08-05 13:29:39,central,fertilizer
TXN-000964,DST-021,RTL-057,105,31.74,2025-08-05 23:59:05,central,medicine
TXN-000965,MFG-002,DST-020,3858,10.09,2025-08-06 02:32:40,west,medicine
TXN-000966,DST-014,RTL-043,379,41.82,2025-08-06 04:00:18,north,fertilizer
TXN-000967,DST-004,RTL-014,222,41.28,2025-08-06 05:59:55,east,fertilizer
TXN-000968,DST-023,RTL-022,99,40.94,2025-08-06 06:18:32,central,fertilizer
TXN-000969,MFG-004,DST-032,3254,56.21,2025-08-06 07:20:13,central,electronics
TXN-000970,MFG-004,DST-032,1330,54.85,2025-08-06 18:39:29,central,electronics
TXN-000971,MFG-012,DST-019,1691,3.57,2025-08-07 00:02:50,south,seeds
TXN-000972,MFG-003,DST-032,2138,48.4,2025-08-07 17:16:07,east,electronics
TXN-000973,MFG-008,DST-028,4989,8.17,2025-08-07 22:01:31,east,medicine
TXN-000974,MFG-006,DST-019,1384,4.3,2025-08-08 08:28:35,south,seeds
TXN-000975,MFG-009,DST-031,1336,14.89,2025-08-08 10:49:34,north,fertilizer
TXN-000976,DST-011,RTL-036,208,34.62,2025-08-08 19:22:37,central,fertilizer
TXN-000977,DST-002,RTL-085,67,12.29,2025-08-09 04:18:55,central,seeds
TXN-000978,MFG-010,DST-007,1075,12.88,2025-08-09 08:43:35,north,fertilizer
TXN-000979,MFG-007,DST-024,1554,9.44,2025-08-09 11:35:12,central,medicine
TXN-000980,DST-007,RTL-046,119,43.18,2025-08-09 11:49:52,west,fertilizer
TXN-000981,DST-021,RTL-062,79,27.54,2025-08-09 15:02:36,central,medicine
TXN-000982,DST-027,RTL-018,170,171.46,2025-08-10 01:37:11,west,electronics
TXN-000983,MFG-010,DST-019,4873,3.24,2025-08-10 05:32:25,north,seeds
TXN-000984,MFG-002,DST-022,4361,9.58,2025-08-10 09:23:08,west,medicine
TXN-000985,DST-030,RTL-024,232,153.62,2025-08-10 20:25:25,north,electronics
TXN-000986,MFG-005,DST-006,3892,48.79,2025-08-10 22:56:27,north,electronics
TXN-000987,DST-019,RTL-047,329,9.16,2025-08-11 11:46:40,south,seeds
TXN-000988,MFG-006,DST-026,4241,9.13,2025-08-11 12:05:08,south,medicine
TXN-000989,DST-005,RTL-003,254,166.18,2025-08-11 13:11:37,east,electronics
TXN-000990,DST-028,RTL-063,252,24.64,2025-08-11 19:42:56,west,medicine
TXN-000991,MFG-003,DST-038,4201,43.96,2025-08-12 07:22:06,east,electronics
TXN-000992,DST-035,RTL-025,257,30.4,2025-08-12 12:15:37,east,medicine
TXN-000993,DST-035,RTL-025,365,28.25,2025-08-12 12:35:05,east,medicine
TXN-000994,DST-038,RTL-047,270,130.43,2025-08-12 13:26:44,west,electronics
TXN-000995,DST-035,RTL-025,94,26.05,2025-08-13 10:44:45,east,medicine
TXN-000996,DST-035,RTL-025,351,31.75,2025-08-13 22:54:45,east,medicine
TXN-000997,DST-035,RTL-025,290,25.87,2025-08-14 07:39:01,east,medicine
TXN-000998,DST-021,RTL-043,354,23.82,2025-08-14 18:56:56,central,medicine
TXN-000999,DST-034,RTL-061,165,40.61,2025-08-14 20:13:42,north,fertilizer
TXN-001000,MFG-003,DST-001,3830,3.76,2025-08-14 22:22:43,east,seeds
TXN-001001,DST-013,RTL-035,356,25.66,2025-08-14 23:41:04,east,medicine
TXN-001002,DST-010,RTL-015,183,32.69,2025-08-15 04:49:04,central,medicine
TXN-001003,DST-035,RTL-025,186,32.68,2025-08-15 05:08:53,east,medicine
TXN-001004,DST-033,RTL-019,380,42.67,2025-08-15 15:40:38,west,fertilizer
TXN-001005,MFG-001,DST-013,3490,10.03,2025-08-15 16:57:51,central,medicine
TXN-001006,DST-027,RTL-015,353,174.43,2025-08-16 01:46:05,west,electronics
TXN-001007,DST-035,RTL-025,25,31.63,2025-08-16 06:02:54,east,medicine
TXN-001008,DST-030,RTL-035,27,143.48,2025-08-16 09:59:19,north,electronics
TXN-001009,DST-015,RTL-021,157,3.3,2025-08-16 15:41:29,central,seeds
TXN-001010,DST-035,RTL-025,281,31.15,2025-08-17 13:04:28,east,medicine
TXN-001011,DST-035,RTL-025,397,31.47,2025-08-17 15:10:29,east,medicine
TXN-001012,DST-035,RTL-025,89,33.88,2025-08-17 16:10:02,east,medicine
TXN-001013,DST-024,RTL-082,49,23.68,2025-08-17 16:53:30,central,medicine
TXN-001014,DST-035,RTL-025,73,33.95,2025-08-17 17:43:45,east,medicine
TXN-001015,DST-035,RTL-025,57,27.84,2025-08-17 21:28:02,east,medicine
TXN-001016,DST-029,RTL-044,224,10.6,2025-08-18 00:26:05,east,seeds
TXN-001017,DST-001,RTL-026,270,9.79,2025-08-18 06:09:47,west,seeds
TXN-001018,DST-003,RTL-006,287,31.36,2025-08-18 09:57:14,east,fertilizer
TXN-001019,MFG-005,DST-006,4720,40.35,2025-08-18 13:11:52,north,electronics
TXN-001020,DST-029,RTL-066,250,9.13,2025-08-18 16:56:13,east,seeds
TXN-001021,DST-023,RTL-068,372,29.86,2025-08-18 18:00:37,central,fertilizer
TXN-001022,DST-035,RTL-025,103,26.22,2025-08-18 22:28:13,east,medicine
TXN-001023,DST-032,RTL-042,202,119.93,2025-08-19 00:03:44,central,electronics
TXN-001024,DST-035,RTL-025,291,30.39,2025-08-19 05:06:16,east,medicine
TXN-001025,MFG-007,DST-025,4280,3.03,2025-08-19 08:55:17,central,seeds
TXN-001026,DST-035,RTL-025,102,33.62,2025-08-19 13:43:49,east,medicine
TXN-001027,MFG-010,DST-023,2742,13.6,2025-08-19 14:53:28,north,fertilizer
TXN-001028,DST-039,RTL-056,73,8.23,2025-08-20 05:48:35,west,seeds
TXN-001029,DST-026,RTL-069,104,26.42,2025-08-20 11:16:09,east,medicine
TXN-001030,DST-021,RTL-038,195,32.63,2025-08-20 13:48:37,central,medicine
TXN-001031,MFG-004,DST-030,4175,53.55,2025-08-20 16:48:18,central,electronics
TXN-001032,DST-035,RTL-025,364,29.0,2025-08-21 00:39:22,east,medicine
TXN-001033,MFG-003,DST-034,2628,12.81,2025-08-21 01:17:49,east,fertilizer
TXN-001034,DST-035,RTL-025,352,21.54,2025-08-21 03:18:50,east,medicine
TXN-001035,DST-024,RTL-009,229,30.57,2025-08-21 04:59:03,central,medicine
TXN-001036,DST-035,RTL-025,303,21.75,2025-08-21 07:13:32,east,medicine
TXN-001037,MFG-002,DST-017,2930,13.73,2025-08-21 10:38:22,west,fertilizer
TXN-001038,MFG-012,DST-016,512,64.17,2025-08-21 13:52:11,south,electronics
TXN-001039,DST-036,RTL-025,114,15.52,2025-08-21 16:40:55,south,fertilizer
TXN-001040,MFG-005,DST-038,3625,47.31,2025-08-21 19:08:34,north,electronics
TXN-001041,DST-035,RTL-025,26,27.41,2025-08-21 23:11:16,east,medicine
TXN-001042,DST-035,RTL-025,216,31.18,2025-08-22 01:55:59,east,medicine
TXN-001043,DST-035,RTL-025,96,32.63,2025-08-22 04:50:40,east,medicine
TXN-001044,DST-036,RTL-025,63,15.1,2025-08-22 12:21:37,east,fertilizer
TXN-001045,DST-031,RTL-033,364,43.37,2025-08-22 14:58:32,north,fertilizer
TXN-001046,DST-036,RTL-025,318,16.55,2025-08-22 22:59:20,west,fertilizer
TXN-001047,MFG-008,DST-017,952,15.59,2025-08-22 23:55:07,east,fertilizer
TXN-001048,DST-002,RTL-085,357,11.86,2025-08-23 01:10:00,central,seeds
TXN-001049,DST-021,RTL-043,398,23.75,2025-08-23 04:33:21,central,medicine
TXN-001050,DST-036,RTL-025,229,15.24,2025-08-23 12:18:58,central,fertilizer
TXN-001051,DST-033,RTL-049,266,28.69,2025-08-23 12:51:52,west,fertilizer
TXN-001052,DST-024,RTL-033,195,29.09,2025-08-23 15:19:00,central,medicine
TXN-001053,DST-012,RTL-079,348,31.14,2025-08-23 18:34:29,north,medicine
TXN-001054,DST-027,RTL-018,224,116.06,2025-08-23 23:57:38,west,electronics
TXN-001055,MFG-007,DST-010,2988,9.33,2025-08-24 06:49:54,central,medicine
TXN-001056,DST-015,RTL-046,131,2.62,2025-08-24 18:19:57,central,seeds
TXN-001057,DST-013,RTL-015,357,25.2,2025-08-25 07:42:56,east,medicine
TXN-001058,DST-017,RTL-087,339,29.09,2025-08-26 01:52:21,central,fertilizer
TXN-001059,DST-036,RTL-025,125,15.51,2025-08-26 05:53:16,south,fertilizer
TXN-001060,MFG-003,DST-032,829,64.84,2025-08-26 08:49:02,east,electronics
TXN-001061,DST-035,RTL-001,142,22.87,2025-08-26 09:18:26,east,medicine
TXN-001062,MFG-001,DST-022,3502,9.63,2025-08-26 15:52:05,central,medicine
TXN-001063,DST-016,RTL-042,352,263.69,2025-08-26 17:44:10,central,electronics
TXN-001064,DST-024,RTL-033,134,22.28,2025-08-26 20:57:51,central,medicine
TXN-001065,MFG-003,DST-034,2117,13.27,2025-08-27 01:15:43,east,fertilizer
TXN-001066,MFG-001,DST-022,926,12.17,2025-08-27 01:53:06,central,medicine
TXN-001067,DST-023,RTL-010,143,28.95,2025-08-27 05:44:39,central,fertilizer
TXN-001068,MFG-001,DST-037,803,15.4,2025-08-27 09:18:32,central,fertilizer
TXN-001069,DST-008,RTL-069,31,160.86,2025-08-27 11:10:13,south,electronics
TXN-001070,MFG-002,DST-020,3811,8.68,2025-08-27 16:12:33,west,medicine
TXN-001071,DST-035,RTL-001,43,25.98,2025-08-27 21:39:36,east,medicine
TXN-001072,DST-035,RTL-001,86,29.36,2025-08-28 08:35:26,east,medicine
TXN-001073,MFG-010,DST-024,442,9.98,2025-08-28 08:49:13,north,medicine
TXN-001074,MFG-002,DST-020,1762,11.32,2025-08-28 17:29:10,west,medicine
TXN-001075,MFG-004,DST-014,1922,12.0,2025-08-28 18:27:12,central,fertilizer
TXN-001076,DST-017,RTL-057,287,42.27,2025-08-29 04:30:08,central,fertilizer
TXN-001077,DST-013,RTL-045,213,29.67,2025-08-29 05:35:43,east,medicine
TXN-001078,DST-036,RTL-025,83,15.68,2025-08-29 05:52:35,south,fertilizer
TXN-001079,DST-035,RTL-001,65,26.11,2025-08-29 08:35:11,east,medicine
TXN-001080,DST-014,RTL-038,308,35.69,2025-08-29 18:29:59,north,fertilizer
TXN-001081,DST-036,RTL-025,146,16.67,2025-08-29 20:05:53,south,fertilizer
TXN-001082,DST-004,RTL-063,397,40.87,2025-08-29 21:14:18,east,fertilizer
TXN-001083,MFG-003,DST-029,757,4.3,2025-08-30 03:12:22,east,seeds
TXN-001084,DST-017,RTL-064,40,31.87,2025-08-30 12:08:49,central,fertilizer
TXN-001085,DST-007,RTL-046,138,31.31,2025-08-30 12:58:43,west,fertilizer
TXN-001086,MFG-009,DST-014,3253,12.14,2025-08-30 14:25:49,north,fertilizer
TXN-001087,DST-001,RTL-072,110,9.2,2025-08-30 21:40:00,west,seeds
TXN-001088,MFG-003,DST-008,4001,50.01,2025-08-31 04:09:59,east,electronics
TXN-001089,DST-034,RTL-043,296,39.51,2025-08-31 05:52:49,north,fertilizer
TXN-001090,DST-004,RTL-061,163,29.14,2025-08-31 15:06:44,east,fertilizer
TXN-001091,DST-040,RTL-076,350,39.65,2025-08-31 18:37:31,west,fertilizer
TXN-001092,DST-035,RTL-001,302,33.24,2025-08-31 18:44:10,east,medicine
TXN-001093,DST-007,RTL-044,368,40.43,2025-08-31 19:56:02,west,fertilizer
TXN-001094,DST-005,RTL-015,252,134.61,2025-09-01 02:02:00,east,electronics
TXN-001095,MFG-003,DST-034,1307,13.49,2025-09-01 06:01:42,east,fertilizer
TXN-001096,DST-035,RTL-001,294,31.11,2025-09-01 13:07:24,east,medicine
TXN-001097,MFG-003,DST-027,494,51.89,2025-09-01 16:34:47,east,electronics
TXN-001098,DST-035,RTL-001,331,32.6,2025-09-01 19:42:29,east,medicine
TXN-001099,MFG-007,DST-024,3367,8.72,2025-09-02 03:42:00,central,medicine
TXN-001100,DST-016,RTL-051,208,304.76,2025-09-02 04:34:23,central,electronics
TXN-001101,DST-003,RTL-063,195,40.03,2025-09-02 10:11:44,east,fertilizer
TXN-001102,DST-035,RTL-001,138,28.95,2025-09-02 10:44:41,east,medicine
TXN-001103,DST-036,RTL-025,261,14.83,2025-09-02 19:53:55,south,fertilizer
TXN-001104,DST-035,RTL-001,98,30.97,2025-09-02 23:35:05,east,medicine
TXN-001105,DST-014,RTL-038,256,41.66,2025-09-03 16:17:28,north,fertilizer
TXN-001106,DST-023,RTL-013,372,31.3,2025-09-03 23:21:21,central,fertilizer
TXN-001107,DST-038,RTL-087,275,125.35,2025-09-04 20:26:30,west,electronics
TXN-001108,MFG-007,DST-009,4061,8.13,2025-09-04 21:03:51,central,medicine
TXN-001109,DST-004,RTL-061,340,34.75,2025-09-05 08:24:11,east,fertilizer
TXN-001110,DST-001,RTL-075,31,10.47,2025-09-05 10:10:24,west,seeds
TXN-001111,DST-040,RTL-073,344,42.81,2025-09-05 10:17:23,west,fertilizer
TXN-001112,DST-010,RTL-019,329,33.13,2025-09-05 11:43:32,central,medicine
TXN-001113,DST-019,RTL-082,156,11.79,2025-09-05 12:01:44,south,seeds
TXN-001114,MFG-001,DST-003,493,13.46,2025-09-05 16:58:04,central,fertilizer
TXN-001115,DST-012,RTL-012,292,22.51,2025-09-06 09:11:21,north,medicine
TXN-001116,DST-029,RTL-044,65,10.32,2025-09-06 10:18:23,east,seeds
TXN-001117,MFG-001,DST-031,4573,12.81,2025-09-06 11:05:50,central,fertilizer
TXN-001118,DST-003,RTL-043,215,42.27,2025-09-06 17:44:08,east,fertilizer
TXN-001119,DST-013,RTL-045,125,25.49,2025-09-06 17:51:22,east,medicine
TXN-001120,DST-014,RTL-025,180,32.17,2025-09-06 18:02:44,north,fertilizer
TXN-001121,DST-013,RTL-036,290,29.55,2025-09-06 21:00:55,east,medicine
TXN-001122,MFG-010,DST-024,1022,11.66,2025-09-06 22:16:32,north,medicine
TXN-001123,DST-037,RTL-043,23,40.68,2025-09-06 23:33:53,west,fertilizer
TXN-001124,DST-004,RTL-038,43,35.05,2025-09-07 06:19:11,east,fertilizer
TXN-001125,DST-001,RTL-019,135,10.63,2025-09-08 04:31:32,west,seeds
TXN-001126,DST-006,RTL-026,382,154.03,2025-09-08 07:03:39,central,electronics
TXN-001127,DST-035,RTL-034,61,33.03,2025-09-08 09:47:30,east,medicine
TXN-001128,DST-035,RTL-034,176,26.54,2025-09-08 11:56:45,east,medicine
TXN-001129,MFG-006,DST-006,2948,50.1,2025-09-08 12:14:19,south,electronics
TXN-001130,MFG-001,DST-007,3965,12.98,2025-09-08 15:08:40,central,fertilizer
TXN-001131,DST-019,RTL-082,94,8.97,2025-09-08 20:06:01,south,seeds
TXN-001132,MFG-005,DST-008,4228,44.18,2025-09-09 04:51:44,north,electronics
TXN-001133,DST-035,RTL-034,140,30.76,2025-09-09 06:36:22,east,medicine
TXN-001134,DST-035,RTL-034,365,31.7,2025-09-09 12:22:26,east,medicine
TXN-001135,MFG-006,DST-022,4370,9.76,2025-09-10 10:02:22,south,medicine
TXN-001136,MFG-003,DST-029,4237,3.39,2025-09-10 17:57:13,east,seeds
TXN-001137,MFG-006,DST-040,4148,13.47,2025-09-10 19:14:39,south,fertilizer
TXN-001138,MFG-004,DST-024,3559,10.02,2025-09-10 19:29:33,central,medicine
TXN-001139,DST-025,RTL-077,269,11.9,2025-09-10 22:13:42,west,seeds
TXN-001140,DST-001,RTL-054,89,11.46,2025-09-11 08:12:15,west,seeds
TXN-001141,MFG-003,DST-027,646,64.5,2025-09-11 09:42:35,east,electronics
TXN-001142,DST-013,RTL-015,21,27.72,2025-09-11 11:40:22,east,medicine
TXN-001143,DST-037,RTL-043,377,31.13,2025-09-11 12:04:27,west,fertilizer
TXN-001144,DST-030,RTL-024,369,144.18,2025-09-11 17:25:49,north,electronics
TXN-001145,DST-007,RTL-059,116,36.57,2025-09-11 22:56:08,west,fertilizer
TXN-001146,DST-025,RTL-035,169,10.68,2025-09-12 00:40:31,west,seeds
TXN-001147,MFG-001,DST-007,2658,12.87,2025-09-12 09:56:41,central,fertilizer
TXN-001148,MFG-009,DST-015,1050,3.97,2025-09-12 11:46:55,north,seeds
TXN-001149,DST-014,RTL-043,326,40.36,2025-09-12 13:31:09,north,fertilizer
TXN-001150,MFG-002,DST-022,1767,10.42,2025-09-12 22:48:50,west,medicine
TXN-001151,MFG-003,DST-027,918,63.37,2025-09-12 23:32:20,east,electronics
TXN-001152,DST-014,RTL-032,97,30.17,2025-09-13 00:48:23,north,fertilizer
TXN-001153,DST-017,RTL-002,202,36.07,2025-09-13 02:12:31,central,fertilizer
TXN-001154,DST-015,RTL-066,223,2.49,2025-09-13 05:38:12,central,seeds
TXN-001155,MFG-006,DST-026,2990,10.18,2025-09-13 11:15:44,south,medicine
TXN-001156,DST-003,RTL-043,109,41.36,2025-09-13 15:22:10,east,fertilizer
TXN-001157,DST-035,RTL-034,290,23.74,2025-09-13 16:51:29,east,medicine
TXN-001158,MFG-008,DST-028,2571,9.8,2025-09-13 23:39:04,east,medicine
TXN-001159,MFG-003,DST-032,4877,44.73,2025-09-14 03:25:38,east,electronics
TXN-001160,DST-037,RTL-054,116,31.69,2025-09-14 08:02:19,west,fertilizer
TXN-001161,DST-023,RTL-003,158,43.89,2025-09-14 09:21:15,central,fertilizer
TXN-001162,DST-012,RTL-014,362,26.0,2025-09-14 10:31:57,north,medicine
TXN-001163,MFG-010,DST-021,4045,10.21,2025-09-14 15:03:48,north,medicine
TXN-001164,MFG-004,DST-024,4695,9.25,2025-09-14 17:09:16,central,medicine
TXN-001165,DST-037,RTL-037,129,43.11,2025-09-14 18:53:28,west,fertilizer
TXN-001166,DST-023,RTL-003,33,31.35,2025-09-14 20:20:00,central,fertilizer
TXN-001167,MFG-003,DST-027,4954,46.95,2025-09-15 07:20:37,east,electronics
TXN-001168,DST-012,RTL-014,208,33.38,2025-09-15 15:10:18,north,medicine
TXN-001169,MFG-005,DST-033,1036,12.52,2025-09-15 15:27:56,north,fertilizer
TXN-001170,DST-006,RTL-065,129,131.18,2025-09-15 20:31:35,central,electronics
TXN-001171,DST-004,RTL-014,140,29.54,2025-09-15 21:11:30,east,fertilizer
TXN-001172,MFG-003,DST-026,2968,10.41,2025-09-15 21:41:36,east,medicine
TXN-001173,DST-009,RTL-001,360,27.45,2025-09-16 01:59:22,east,medicine
TXN-001174,DST-035,RTL-034,388,33.16,2025-09-16 13:06:44,east,medicine
TXN-001175,MFG-012,DST-019,1832,4.06,2025-09-17 11:49:23,south,seeds
TXN-001176,MFG-012,DST-011,757,14.23,2025-09-17 16:50:14,south,fertilizer
TXN-001177,MFG-006,DST-033,2352,12.49,2025-09-17 22:51:37,south,fertilizer
TXN-001178,MFG-009,DST-006,3700,51.78,2025-09-18 11:08:21,north,electronics
TXN-001179,DST-040,RTL-056,251,28.49,2025-09-18 14:15:30,west,fertilizer
TXN-001180,MFG-012,DST-037,1395,14.16,2025-09-18 14:26:25,south,fertilizer
TXN-001181,DST-031,RTL-062,396,34.38,2025-09-18 22:18:29,north,fertilizer
TXN-001182,DST-024,RTL-033,236,21.51,2025-09-19 03:55:18,central,medicine
TXN-001183,MFG-012,DST-037,4595,12.07,2025-09-19 07:58:16,south,fertilizer
TXN-001184,DST-008,RTL-074,140,155.02,2025-09-19 08:48:38,south,electronics
TXN-001185,DST-022,RTL-047,219,23.6,2025-09-19 15:29:31,north,medicine
TXN-001186,MFG-003,DST-035,802,10.35,2025-09-20 01:18:05,east,medicine
TXN-001187,MFG-005,DST-023,1862,13.74,2025-09-20 05:01:29,north,fertilizer
TXN-001188,DST-032,RTL-075,287,134.54,2025-09-20 05:06:44,central,electronics
TXN-001189,DST-003,RTL-063,287,42.21,2025-09-20 10:19:53,east,fertilizer
TXN-001190,MFG-003,DST-034,1038,15.63,2025-09-21 07:14:24,east,fertilizer
TXN-001191,DST-027,RTL-045,200,139.93,2025-09-22 01:45:10,west,electronics
TXN-001192,MFG-008,DST-032,510,51.08,2025-09-22 06:59:03,east,electronics
TXN-001193,DST-005,RTL-015,309,145.82,2025-09-22 07:20:46,east,electronics
TXN-001194,DST-015,RTL-046,77,2.89,2025-09-22 14:52:24,central,seeds
TXN-001195,MFG-001,DST-022,2723,8.66,2025-09-22 22:04:38,central,medicine
TXN-001196,MFG-003,DST-027,3672,48.32,2025-09-23 11:00:29,east,electronics
TXN-001197,DST-023,RTL-088,214,32.61,2025-09-23 12:37:22,central,fertilizer
TXN-001198,DST-023,RTL-013,159,31.86,2025-09-23 19:40:15,central,fertilizer
TXN-001199,MFG-003,DST-035,2624,10.34,2025-09-23 22:07:37,east,medicine
TXN-001200,MFG-005,DST-021,1484,9.82,2025-09-24 00:44:37,north,medicine
TXN-001201,DST-009,RTL-001,397,22.36,2025-09-24 05:06:13,east,medicine
TXN-001202,MFG-010,DST-021,485,9.73,2025-09-24 11:52:20,north,medicine
TXN-001203,DST-009,RTL-063,41,24.73,2025-09-24 14:47:43,east,medicine
TXN-001204,MFG-003,DST-001,1554,3.64,2025-09-24 20:30:19,east,seeds
TXN-001205,DST-002,RTL-052,310,8.28,2025-09-25 01:07:50,central,seeds
TXN-001206,DST-037,RTL-002,51,35.47,2025-09-25 04:35:17,west,fertilizer
TXN-001207,DST-017,RTL-064,356,35.18,2025-09-25 08:42:26,central,fertilizer
TXN-001208,DST-034,RTL-067,38,37.29,2025-09-25 09:06:01,north,fertilizer
TXN-001209,DST-016,RTL-064,313,286.65,2025-09-25 11:24:19,central,electronics
TXN-001210,MFG-002,DST-023,2174,13.74,2025-09-25 13:50:10,west,fertilizer
TXN-001211,MFG-001,DST-031,1747,14.08,2025-09-25 13:55:54,central,fertilizer
TXN-001212,MFG-007,DST-009,2791,9.2,2025-09-25 14:42:11,central,medicine
TXN-001213,DST-018,RTL-044,143,44.1,2025-09-25 14:44:42,east,fertilizer
TXN-001214,DST-007,RTL-061,94,34.63,2025-09-25 17:29:26,west,fertilizer
TXN-001215,DST-040,RTL-033,162,28.79,2025-09-25 18:41:56,west,fertilizer
TXN-001216,MFG-002,DST-022,1366,11.11,2025-09-25 21:25:46,west,medicine
TXN-001217,MFG-007,DST-024,3563,10.06,2025-09-25 23:52:29,central,medicine
TXN-001218,DST-027,RTL-023,93,155.22,2025-09-26 01:44:28,west,electronics
TXN-001219,DST-012,RTL-061,214,32.93,2025-09-26 02:32:17,north,medicine
TXN-001220,MFG-009,DST-015,4649,2.88,2025-09-26 05:02:41,north,seeds
TXN-001221,MFG-006,DST-022,4433,9.56,2025-09-26 16:17:55,south,medicine
TXN-001222,MFG-005,DST-023,1829,15.43,2025-09-26 18:15:56,north,fertilizer
TXN-001223,MFG-012,DST-011,3295,12.77,2025-09-26 23:21:02,south,fertilizer
TXN-001224,DST-019,RTL-012,286,10.25,2025-09-27 01:49:56,south,seeds
TXN-001225,MFG-012,DST-016,1041,56.59,2025-09-27 10:14:02,south,electronics
TXN-001226,DST-002,RTL-052,363,8.24,2025-09-27 10:30:30,central,seeds
TXN-001227,MFG-009,DST-031,2123,13.95,2025-09-27 23:14:51,north,fertilizer
TXN-001228,DST-020,RTL-061,208,23.19,2025-09-28 03:30:27,south,medicine
TXN-001229,DST-014,RTL-074,56,38.96,2025-09-28 07:10:40,north,fertilizer
TXN-001230,DST-039,RTL-023,78,10.08,2025-09-28 09:35:41,west,seeds
TXN-001231,DST-001,RTL-054,299,10.96,2025-09-28 13:43:02,west,seeds
TXN-001232,DST-028,RTL-053,159,29.71,2025-09-28 14:19:55,west,medicine
TXN-001233,DST-019,RTL-011,148,11.88,2025-09-29 03:43:00,south,seeds
TXN-001234,MFG-008,DST-004,4689,10.34,2025-09-29 05:03:17,east,fertilizer
TXN-001235,DST-011,RTL-078,278,38.21,2025-09-29 10:56:01,central,fertilizer
TXN-001236,DST-010,RTL-086,96,23.28,2025-09-29 14:05:09,central,medicine
TXN-001237,DST-033,RTL-019,251,31.82,2025-09-29 19:44:45,west,fertilizer
TXN-001238,DST-008,RTL-067,286,148.43,2025-09-30 02:09:00,south,electronics
TXN-001239,DST-023,RTL-088,325,33.24,2025-09-30 03:57:26,central,fertilizer
TXN-001240,MFG-006,DST-022,4339,7.86,2025-09-30 05:18:24,south,medicine
TXN-001241,DST-020,RTL-035,137,23.53,2025-09-30 12:13:52,south,medicine
TXN-001242,DST-039,RTL-032,252,11.72,2025-09-30 17:06:04,west,seeds
TXN-001243,MFG-012,DST-018,2856,12.41,2025-10-01 09:33:30,south,fertilizer
TXN-001244,DST-002,RTL-053,271,10.02,2025-10-01 13:57:06,central,seeds
TXN-001245,MFG-005,DST-006,3874,49.29,2025-10-01 16:33:33,north,electronics
TXN-001246,DST-022,RTL-047,102,32.24,2025-10-01 17:44:44,north,medicine
TXN-001247,DST-020,RTL-065,189,23.42,2025-10-01 18:52:57,south,medicine
TXN-001248,MFG-005,DST-005,608,62.68,2025-10-01 20:15:43,north,electronics
TXN-001249,DST-007,RTL-004,219,30.83,2025-10-02 00:19:32,west,fertilizer
TXN-001250,DST-032,RTL-015,133,153.35,2025-10-02 01:41:50,central,electronics
TXN-001251,MFG-008,DST-028,1921,10.19,2025-10-02 03:28:19,east,medicine
TXN-001252,DST-006,RTL-026,237,133.92,2025-10-02 13:39:42,central,electronics
TXN-001253,DST-033,RTL-004,111,45.3,2025-10-02 16:34:04,west,fertilizer
TXN-001254,DST-020,RTL-061,26,24.84,2025-10-03 07:05:11,south,medicine
TXN-001255,DST-007,RTL-043,145,41.18,2025-10-03 15:22:57,west,fertilizer
TXN-001256,DST-034,RTL-067,88,38.49,2025-10-03 18:49:34,north,fertilizer
TXN-001257,DST-015,RTL-077,65,2.67,2025-10-03 18:58:36,central,seeds
TXN-001258,DST-004,RTL-061,53,43.14,2025-10-04 01:51:39,east,fertilizer
TXN-001259,DST-007,RTL-029,102,34.92,2025-10-04 03:59:08,west,fertilizer
TXN-001260,DST-006,RTL-018,152,137.49,2025-10-04 07:11:23,central,electronics
TXN-001261,DST-028,RTL-077,387,27.59,2025-10-04 15:52:19,west,medicine
TXN-001262,DST-036,RTL-003,257,14.43,2025-10-04 20:04:17,south,fertilizer
TXN-001263,DST-037,RTL-002,87,41.44,2025-10-04 22:41:49,west,fertilizer
TXN-001264,MFG-002,DST-037,3763,13.77,2025-10-05 01:38:27,west,fertilizer
TXN-001265,DST-032,RTL-042,100,168.82,2025-10-05 07:58:00,central,electronics
TXN-001266,DST-028,RTL-053,48,28.49,2025-10-05 10:44:32,west,medicine
TXN-001267,DST-011,RTL-067,51,36.25,2025-10-05 13:14:51,central,fertilizer
TXN-001268,MFG-005,DST-008,3868,45.77,2025-10-05 15:39:08,north,electronics
TXN-001269,DST-016,RTL-042,297,271.61,2025-10-05 15:55:11,central,electronics
TXN-001270,MFG-003,DST-026,4317,9.9,2025-10-05 18:13:08,east,medicine
TXN-001271,DST-010,RTL-015,283,24.35,2025-10-06 01:58:26,central,medicine
TXN-001272,DST-007,RTL-004,242,34.32,2025-10-06 06:58:33,west,fertilizer
TXN-001273,DST-003,RTL-013,112,36.95,2025-10-06 08:39:53,east,fertilizer
TXN-001274,DST-013,RTL-065,263,24.33,2025-10-06 12:04:56,east,medicine
TXN-001275,DST-027,RTL-023,179,133.71,2025-10-06 15:13:58,west,electronics
TXN-001276,DST-006,RTL-026,240,150.16,2025-10-06 21:05:46,central,electronics
TXN-001277,DST-027,RTL-023,282,123.96,2025-10-07 01:53:49,west,electronics
TXN-001278,MFG-005,DST-006,1635,60.53,2025-10-07 02:42:39,north,electronics
TXN-001279,DST-021,RTL-062,362,24.46,2025-10-07 08:13:41,central,medicine
TXN-001280,DST-020,RTL-056,73,29.04,2025-10-07 08:14:16,south,medicine
TXN-001281,DST-019,RTL-047,146,8.23,2025-10-07 10:16:21,south,seeds
TXN-001282,DST-025,RTL-035,374,9.4,2025-10-07 18:48:57,west,seeds
TXN-001283,MFG-012,DST-016,4483,43.84,2025-10-08 00:12:21,south,electronics
TXN-001284,MFG-008,DST-015,3845,3.75,2025-10-08 03:35:51,east,seeds
TXN-001285,DST-030,RTL-018,158,147.31,2025-10-08 11:48:04,north,electronics
TXN-001286,DST-009,RTL-063,169,21.65,2025-10-08 13:45:59,east,medicine
TXN-001287,DST-036,RTL-003,385,15.86,2025-10-08 17:17:37,north,fertilizer
TXN-001288,DST-003,RTL-019,229,29.55,2025-10-08 17:56:38,east,fertilizer
TXN-001289,DST-011,RTL-078,228,44.81,2025-10-08 21:24:07,central,fertilizer
TXN-001290,MFG-001,DST-007,1234,13.42,2025-10-08 21:27:40,central,fertilizer
TXN-001291,DST-031,RTL-062,120,34.71,2025-10-08 23:01:36,north,fertilizer
TXN-001292,MFG-002,DST-017,2525,14.15,2025-10-09 07:31:52,west,fertilizer
TXN-001293,MFG-009,DST-014,3433,11.86,2025-10-09 14:23:32,north,fertilizer
TXN-001294,DST-005,RTL-017,242,156.2,2025-10-09 20:31:24,east,electronics
TXN-001295,DST-036,RTL-003,30,15.14,2025-10-09 23:53:25,south,fertilizer
TXN-001296,DST-002,RTL-009,271,8.06,2025-10-10 02:07:26,central,seeds
TXN-001297,DST-023,RTL-068,305,29.82,2025-10-10 08:02:34,central,fertilizer
TXN-001298,MFG-011,DST-035,4851,9.29,2025-10-10 08:44:37,central,medicine
TXN-001299,DST-027,RTL-022,346,148.06,2025-10-10 12:02:25,west,electronics
TXN-001300,DST-023,RTL-010,59,36.8,2025-10-10 13:03:39,central,fertilizer
TXN-001301,DST-011,RTL-078,297,35.98,2025-10-10 17:26:54,central,fertilizer
TXN-001302,MFG-008,DST-015,1295,4.23,2025-10-10 17:58:09,east,seeds
TXN-001303,DST-013,RTL-064,288,21.5,2025-10-10 18:11:35,east,medicine
TXN-001304,DST-030,RTL-022,174,175.41,2025-10-10 23:14:51,south,electronics
TXN-001305,DST-008,RTL-054,388,128.32,2025-10-11 01:10:27,south,electronics
TXN-001306,MFG-009,DST-031,2703,13.47,2025-10-11 01:41:25,north,fertilizer
TXN-001307,DST-002,RTL-085,90,11.58,2025-10-11 15:32:03,central,seeds
TXN-001308,DST-011,RTL-060,283,42.8,2025-10-12 00:41:22,central,fertilizer
TXN-001309,DST-014,RTL-025,195,36.97,2025-10-12 04:08:12,north,fertilizer
TXN-001310,MFG-006,DST-011,3763,12.12,2025-10-12 10:53:23,south,fertilizer
TXN-001311,MFG-005,DST-029,550,4.32,2025-10-12 14:27:01,north,seeds
TXN-001312,MFG-011,DST-026,2460,8.95,2025-10-12 20:07:23,central,medicine
TXN-001313,DST-017,RTL-002,114,35.41,2025-10-13 04:29:20,central,fertilizer
TXN-001314,DST-027,RTL-018,114,116.26,2025-10-13 04:34:42,west,electronics
TXN-001315,DST-007,RTL-046,353,35.81,2025-10-13 05:01:58,west,fertilizer
TXN-001316,DST-007,RTL-044,153,39.89,2025-10-13 21:46:25,west,fertilizer
TXN-001317,DST-026,RTL-028,281,28.92,2025-10-14 12:59:35,east,medicine
TXN-001318,DST-019,RTL-056,219,11.81,2025-10-14 14:06:02,south,seeds
TXN-001319,MFG-005,DST-038,2718,56.68,2025-10-14 14:11:47,north,electronics
TXN-001320,DST-021,RTL-089,89,21.54,2025-10-14 21:10:20,central,medicine
TXN-001321,DST-020,RTL-065,346,25.94,2025-10-15 17:15:09,south,medicine
TXN-001322,DST-039,RTL-015,261,9.28,2025-10-16 02:06:22,west,seeds
TXN-001323,DST-038,RTL-007,215,144.17,2025-10-16 02:57:29,west,electronics
TXN-001324,DST-014,RTL-074,331,42.73,2025-10-16 05:34:05,north,fertilizer
TXN-001325,DST-021,RTL-043,172,26.44,2025-10-16 06:38:22,central,medicine
TXN-001326,MFG-002,DST-012,1767,9.27,2025-10-16 10:38:35,west,medicine
TXN-001327,DST-014,RTL-025,343,29.83,2025-10-16 11:23:20,north,fertilizer
TXN-001328,DST-008,RTL-053,247,177.66,2025-10-16 13:19:08,south,electronics
TXN-001329,MFG-009,DST-014,984,15.32,2025-10-16 14:42:08,north,fertilizer
TXN-001330,MFG-007,DST-025,1213,4.36,2025-10-16 17:50:36,central,seeds
TXN-001331,DST-020,RTL-036,325,29.1,2025-10-16 18:18:52,south,medicine
TXN-001332,DST-026,RTL-028,253,24.51,2025-10-16 21:06:44,east,medicine
TXN-001333,DST-003,RTL-013,107,43.93,2025-10-17 03:56:41,east,fertilizer
TXN-001334,DST-012,RTL-079,174,23.42,2025-10-17 04:04:20,north,medicine
TXN-001335,DST-026,RTL-017,135,32.99,2025-10-17 04:25:21,east,medicine
TXN-001336,MFG-004,DST-014,1988,13.72,2025-10-17 12:42:36,central,fertilizer
TXN-001337,DST-016,RTL-051,295,336.83,2025-10-18 06:28:27,central,electronics
TXN-001338,DST-012,RTL-012,255,30.37,2025-10-18 08:57:44,north,medicine
TXN-001339,DST-006,RTL-065,248,123.95,2025-10-18 17:23:43,central,electronics
TXN-001340,DST-032,RTL-083,136,177.44,2025-10-18 23:19:38,central,electronics
TXN-001341,MFG-006,DST-026,4410,8.1,2025-10-19 01:41:07,south,medicine
TXN-001342,DST-001,RTL-072,324,8.18,2025-10-19 01:44:00,west,seeds
TXN-001343,DST-003,RTL-019,222,40.57,2025-10-19 12:29:09,east,fertilizer
TXN-001344,DST-020,RTL-036,267,32.47,2025-10-19 14:08:13,south,medicine
TXN-001345,DST-040,RTL-005,286,35.97,2025-10-19 16:15:30,west,fertilizer
TXN-001346,MFG-006,DST-006,1247,49.04,2025-10-19 19:32:46,south,electronics
TXN-001347,DST-008,RTL-053,128,176.05,2025-10-20 04:44:38,south,electronics
TXN-001348,DST-014,RTL-032,173,36.26,2025-10-20 04:49:38,north,fertilizer
TXN-001349,DST-001,RTL-054,43,8.3,2025-10-20 17:50:24,west,seeds
TXN-001350,MFG-003,DST-028,3365,9.55,2025-10-20 21:35:55,east,medicine
TXN-001351,MFG-010,DST-010,1196,11.78,2025-10-21 03:12:19,north,medicine
TXN-001352,DST-001,RTL-019,69,10.54,2025-10-21 06:46:15,west,seeds
TXN-001353,MFG-006,DST-033,987,15.49,2025-10-21 07:06:57,south,fertilizer
TXN-001354,DST-011,RTL-060,236,39.29,2025-10-21 20:27:07,central,fertilizer
TXN-001355,MFG-006,DST-026,2931,9.68,2025-10-22 02:54:27,south,medicine
TXN-001356,MFG-010,DST-023,1644,13.93,2025-10-22 07:44:01,north,fertilizer
TXN-001357,MFG-007,DST-010,3171,8.51,2025-10-22 09:54:39,central,medicine
TXN-001358,MFG-007,DST-010,1383,9.95,2025-10-22 22:34:05,central,medicine
TXN-001359,DST-039,RTL-056,369,11.66,2025-10-23 06:25:48,west,seeds
TXN-001360,DST-010,RTL-039,52,25.54,2025-10-23 15:49:36,central,medicine
TXN-001361,DST-016,RTL-051,95,345.39,2025-10-24 02:31:13,central,electronics
TXN-001362,MFG-011,DST-035,3140,9.84,2025-10-24 09:03:13,central,medicine
TXN-001363,DST-006,RTL-018,45,164.17,2025-10-24 14:45:02,central,electronics
TXN-001364,DST-007,RTL-044,252,44.98,2025-10-24 16:36:47,west,fertilizer
TXN-001365,DST-029,RTL-027,273,10.43,2025-10-25 12:58:20,east,seeds
TXN-001366,DST-007,RTL-004,303,44.61,2025-10-25 15:59:00,west,fertilizer
TXN-001367,DST-002,RTL-053,296,11.08,2025-10-25 16:16:36,central,seeds
TXN-001368,MFG-011,DST-031,840,13.21,2025-10-26 05:04:33,central,fertilizer
TXN-001369,DST-027,RTL-067,52,167.44,2025-10-26 07:50:02,west,electronics
TXN-001370,DST-004,RTL-014,216,40.67,2025-10-26 08:41:09,east,fertilizer
TXN-001371,MFG-010,DST-007,892,13.58,2025-10-26 12:41:04,north,fertilizer
TXN-001372,DST-011,RTL-084,358,31.48,2025-10-26 13:44:22,central,fertilizer
TXN-001373,DST-040,RTL-020,22,37.31,2025-10-27 02:33:30,west,fertilizer
TXN-001374,MFG-004,DST-032,1835,57.42,2025-10-27 08:31:31,central,electronics
TXN-001375,DST-024,RTL-084,109,30.31,2025-10-27 17:17:05,central,medicine
TXN-001376,MFG-005,DST-006,3696,43.71,2025-10-27 19:22:54,north,electronics
TXN-001377,MFG-004,DST-032,4144,53.62,2025-10-28 10:01:22,central,electronics
TXN-001378,DST-027,RTL-018,376,121.83,2025-10-28 13:06:08,west,electronics
TXN-001379,DST-035,RTL-063,328,27.93,2025-10-28 16:02:43,east,medicine
TXN-001380,DST-001,RTL-019,334,8.1,2025-10-28 17:14:11,west,seeds
TXN-001381,DST-004,RTL-063,179,36.17,2025-10-28 17:48:45,east,fertilizer
TXN-001382,MFG-002,DST-020,4039,8.5,2025-10-28 23:24:52,west,medicine
TXN-001383,MFG-001,DST-022,887,12.12,2025-10-29 01:38:19,central,medicine
TXN-001384,MFG-008,DST-015,2388,3.78,2025-10-29 11:58:47,east,seeds
TXN-001385,MFG-003,DST-026,3142,8.76,2025-10-29 13:15:04,east,medicine
TXN-001386,DST-024,RTL-027,71,23.71,2025-10-29 17:26:49,central,medicine
TXN-001387,MFG-001,DST-013,3623,9.75,2025-10-29 20:04:40,central,medicine
TXN-001388,MFG-006,DST-033,4893,12.29,2025-10-30 06:38:20,south,fertilizer
TXN-001389,DST-037,RTL-043,121,44.54,2025-10-30 07:57:27,west,fertilizer
TXN-001390,DST-035,RTL-063,312,22.59,2025-10-30 21:09:51,east,medicine
TXN-001391,DST-014,RTL-043,339,40.65,2025-10-30 23:00:10,north,fertilizer
TXN-001392,MFG-011,DST-035,4357,8.86,2025-10-31 05:44:02,central,medicine
TXN-001393,DST-005,RTL-002,59,121.25,2025-10-31 07:05:50,east,electronics
TXN-001394,MFG-012,DST-016,4048,47.87,2025-10-31 13:46:09,south,electronics
TXN-001395,DST-004,RTL-061,318,37.92,2025-10-31 16:05:20,east,fertilizer
TXN-001396,MFG-006,DST-019,2072,3.45,2025-10-31 19:55:43,south,seeds
TXN-001397,DST-035,RTL-063,264,27.91,2025-10-31 22:10:26,east,medicine
TXN-001398,DST-002,RTL-057,136,8.59,2025-10-31 23:16:40,central,seeds
TXN-001399,DST-016,RTL-034,277,243.93,2025-11-01 00:41:15,central,electronics
TXN-001400,DST-035,RTL-063,67,24.94,2025-11-01 12:54:37,east,medicine
TXN-001401,MFG-005,DST-029,2931,3.73,2025-11-01 12:55:17,north,seeds
TXN-001402,DST-040,RTL-085,231,40.97,2025-11-01 15:12:45,west,fertilizer
TXN-001403,DST-032,RTL-075,61,169.09,2025-11-01 16:45:21,central,electronics
TXN-001404,DST-018,RTL-044,339,38.55,2025-11-01 17:44:25,east,fertilizer
TXN-001405,DST-022,RTL-029,66,30.85,2025-11-01 19:25:50,north,medicine
TXN-001406,DST-019,RTL-011,308,8.08,2025-11-02 08:25:07,south,seeds
TXN-001407,DST-013,RTL-065,291,23.13,2025-11-02 11:36:26,east,medicine
TXN-001408,MFG-012,DST-019,2008,3.33,2025-11-02 16:00:27,south,seeds
TXN-001409,MFG-004,DST-009,2786,9.71,2025-11-03 09:05:36,central,medicine
TXN-001410,DST-029,RTL-066,268,9.19,2025-11-03 14:38:40,east,seeds
TXN-001411,DST-035,RTL-063,194,23.88,2025-11-03 16:13:34,east,medicine
TXN-001412,DST-023,RTL-052,131,41.37,2025-11-03 17:23:44,central,fertilizer
TXN-001413,MFG-009,DST-015,2938,3.09,2025-11-03 17:59:13,north,seeds
TXN-001414,DST-025,RTL-035,79,9.88,2025-11-03 19:37:49,west,seeds
TXN-001415,DST-027,RTL-022,79,173.12,2025-11-03 22:51:34,west,electronics
TXN-001416,DST-003,RTL-067,377,32.0,2025-11-04 08:24:42,east,fertilizer
TXN-001417,DST-008,RTL-067,128,118.28,2025-11-04 08:32:00,south,electronics
TXN-001418,MFG-011,DST-031,1031,14.13,2025-11-04 13:40:14,central,fertilizer
TXN-001419,DST-026,RTL-017,354,29.96,2025-11-05 00:22:01,east,medicine
TXN-001420,DST-020,RTL-061,75,31.57,2025-11-05 04:23:27,south,medicine
TXN-001421,MFG-005,DST-029,1842,4.19,2025-11-05 05:58:12,north,seeds
TXN-001422,MFG-001,DST-025,1276,3.48,2025-11-05 11:28:21,central,seeds
TXN-001423,DST-030,RTL-022,256,176.84,2025-11-05 13:36:31,north,electronics
TXN-001424,MFG-010,DST-019,4239,3.11,2025-11-05 19:23:36,north,seeds
TXN-001425,DST-032,RTL-039,311,156.43,2025-11-05 19:58:34,central,electronics
TXN-001426,DST-035,RTL-063,223,33.64,2025-11-06 03:39:03,east,medicine
TXN-001427,DST-016,RTL-051,75,358.58,2025-11-06 04:51:52,central,electronics
TXN-001428,MFG-005,DST-038,651,54.4,2025-11-06 08:41:21,north,electronics
TXN-001429,DST-013,RTL-065,202,26.87,2025-11-06 11:33:09,east,medicine
TXN-001430,MFG-010,DST-007,4216,10.98,2025-11-06 22:35:56,north,fertilizer
TXN-001431,MFG-001,DST-031,558,13.04,2025-11-07 03:15:08,central,fertilizer
TXN-001432,DST-003,RTL-043,367,39.94,2025-11-07 03:18:48,east,fertilizer
TXN-001433,MFG-007,DST-024,4516,7.82,2025-11-07 08:22:38,central,medicine
TXN-001434,DST-038,RTL-076,170,131.18,2025-11-07 12:31:58,west,electronics
TXN-001435,MFG-012,DST-018,1344,13.23,2025-11-08 01:59:50,south,fertilizer
TXN-001436,DST-015,RTL-046,180,3.13,2025-11-08 05:34:42,central,seeds
TXN-001437,MFG-012,DST-035,727,10.07,2025-11-08 10:36:57,south,medicine
TXN-001438,DST-005,RTL-002,382,132.38,2025-11-08 17:15:56,east,electronics
TXN-001439,DST-037,RTL-054,66,31.24,2025-11-08 17:38:34,west,fertilizer
TXN-001440,DST-003,RTL-072,346,39.36,2025-11-08 19:34:40,east,fertilizer
TXN-001441,DST-027,RTL-015,372,126.81,2025-11-08 23:39:55,west,electronics
TXN-001442,MFG-006,DST-003,1213,15.28,2025-11-09 00:30:58,south,fertilizer
TXN-001443,DST-016,RTL-014,53,320.49,2025-11-09 00:42:52,central,electronics
TXN-001444,MFG-010,DST-024,2853,9.96,2025-11-09 04:42:41,north,medicine
TXN-001445,DST-038,RTL-076,225,151.69,2025-11-09 09:46:46,west,electronics
TXN-001446,MFG-005,DST-038,1829,50.71,2025-11-09 20:15:34,north,electronics
TXN-001447,MFG-001,DST-039,2355,3.69,2025-11-10 00:08:08,central,seeds
TXN-001448,DST-040,RTL-085,47,45.11,2025-11-10 05:00:51,west,fertilizer
TXN-001449,MFG-011,DST-027,1188,58.38,2025-11-10 18:10:16,central,electronics
TXN-001450,MFG-001,DST-037,3587,11.76,2025-11-11 09:48:44,central,fertilizer
TXN-001451,DST-030,RTL-022,308,168.54,2025-11-11 13:08:44,west,electronics
TXN-001452,MFG-003,DST-034,650,15.94,2025-11-11 14:31:59,east,fertilizer
TXN-001453,MFG-003,DST-032,2122,52.34,2025-11-11 23:19:10,east,electronics
TXN-001454,DST-015,RTL-037,226,3.13,2025-11-12 13:36:42,central,seeds
TXN-001455,DST-029,RTL-018,198,8.78,2025-11-12 15:47:59,east,seeds
TXN-001456,DST-018,RTL-044,171,34.41,2025-11-12 17:51:00,east,fertilizer
TXN-001457,DST-023,RTL-013,126,38.19,2025-11-12 19:35:28,central,fertilizer
TXN-001458,MFG-004,DST-009,1344,9.74,2025-11-13 02:49:42,central,medicine
TXN-001459,DST-004,RTL-072,113,40.09,2025-11-13 07:02:42,east,fertilizer
TXN-001460,MFG-012,DST-005,735,52.44,2025-11-13 11:36:57,south,electronics
TXN-001461,MFG-001,DST-022,4093,10.28,2025-11-13 12:22:24,central,medicine
TXN-001462,DST-038,RTL-047,288,123.16,2025-11-13 19:30:30,west,electronics
TXN-001463,MFG-003,DST-029,1903,3.67,2025-11-14 06:49:32,east,seeds
TXN-001464,DST-034,RTL-043,385,39.07,2025-11-14 12:28:24,north,fertilizer
TXN-001465,DST-020,RTL-061,67,32.98,2025-11-14 13:59:21,south,medicine
TXN-001466,DST-013,RTL-036,267,31.21,2025-11-14 15:58:35,east,medicine
TXN-001467,DST-040,RTL-033,45,39.57,2025-11-15 05:14:16,west,fertilizer
TXN-001468,DST-024,RTL-082,328,21.5,2025-11-15 09:07:00,central,medicine
TXN-001469,DST-019,RTL-012,263,10.19,2025-11-15 14:19:45,south,seeds
TXN-001470,DST-019,RTL-056,224,8.93,2025-11-15 16:30:36,south,seeds
TXN-001471,DST-009,RTL-073,266,30.39,2025-11-15 23:00:12,east,medicine
TXN-001472,MFG-006,DST-027,3257,53.34,2025-11-16 01:25:40,south,electronics
TXN-001473,DST-011,RTL-084,143,34.63,2025-11-16 05:55:50,central,fertilizer
TXN-001474,MFG-010,DST-021,4277,8.5,2025-11-16 09:58:15,north,medicine
TXN-001475,DST-015,RTL-021,262,2.93,2025-11-16 12:37:57,central,seeds
TXN-001476,DST-002,RTL-009,225,11.1,2025-11-16 20:14:47,central,seeds
TXN-001477,MFG-002,DST-012,1963,11.1,2025-11-17 02:17:49,west,medicine
TXN-001478,DST-023,RTL-089,65,29.77,2025-11-17 04:43:58,central,fertilizer
TXN-001479,DST-001,RTL-054,277,11.79,2025-11-17 08:34:34,west,seeds
TXN-001480,DST-037,RTL-002,96,36.47,2025-11-17 08:58:33,west,fertilizer
TXN-001481,MFG-008,DST-004,3761,12.68,2025-11-17 17:19:54,east,fertilizer
TXN-001482,MFG-005,DST-033,3581,12.82,2025-11-17 18:16:20,north,fertilizer
TXN-001483,DST-023,RTL-003,376,42.45,2025-11-17 20:55:58,central,fertilizer
TXN-001484,MFG-007,DST-034,4432,10.8,2025-11-17 23:58:32,central,fertilizer
TXN-001485,MFG-002,DST-020,2549,9.45,2025-11-18 00:07:52,west,medicine
TXN-001486,MFG-002,DST-020,3085,9.81,2025-11-18 05:24:46,west,medicine
TXN-001487,DST-004,RTL-049,232,41.01,2025-11-18 13:06:33,east,fertilizer
TXN-001488,MFG-009,DST-002,1035,3.98,2025-11-18 18:25:31,north,seeds
TXN-001489,MFG-003,DST-028,3776,10.29,2025-11-18 18:32:10,east,medicine
TXN-001490,DST-020,RTL-035,368,30.65,2025-11-18 21:30:24,south,medicine
TXN-001491,DST-040,RTL-021,104,38.69,2025-11-19 01:05:47,west,fertilizer
TXN-001492,DST-001,RTL-019,311,10.64,2025-11-19 03:45:26,west,seeds
TXN-001493,DST-015,RTL-083,82,3.09,2025-11-19 11:03:33,central,seeds
TXN-001494,MFG-001,DST-013,3772,9.56,2025-11-19 13:43:30,central,medicine
TXN-001495,DST-002,RTL-057,306,9.63,2025-11-19 15:09:37,central,seeds
TXN-001496,MFG-004,DST-036,4944,11.19,2025-11-19 15:40:41,central,fertilizer
TXN-001497,MFG-009,DST-015,2866,3.96,2025-11-19 15:47:07,north,seeds
TXN-001498,DST-011,RTL-036,135,33.69,2025-11-19 18:38:30,central,fertilizer
TXN-001499,DST-022,RTL-038,211,29.3,2025-11-19 23:27:43,north,medicine
TXN-001500,DST-028,RTL-072,225,23.73,2025-11-19 23:46:22,west,medicine
TXN-001501,MFG-006,DST-011,4210,11.76,2025-11-20 00:55:57,south,fertilizer
TXN-001502,DST-015,RTL-021,330,2.8,2025-11-20 02:55:38,central,seeds
TXN-001503,DST-033,RTL-004,76,42.44,2025-11-20 05:38:09,west,fertilizer
TXN-001504,DST-005,RTL-002,37,115.94,2025-11-20 11:05:12,east,electronics
TXN-001505,DST-007,RTL-043,326,35.05,2025-11-20 19:12:25,west,fertilizer
TXN-001506,DST-015,RTL-077,88,2.63,2025-11-20 19:30:02,central,seeds
TXN-001507,DST-025,RTL-035,398,9.7,2025-11-21 01:27:03,west,seeds
TXN-001508,DST-038,RTL-084,394,167.39,2025-11-21 02:56:21,west,electronics
TXN-001509,DST-015,RTL-083,133,3.38,2025-11-21 10:27:22,central,seeds
TXN-001510,MFG-007,DST-010,4658,9.06,2025-11-21 13:45:10,central,medicine
TXN-001511,DST-004,RTL-038,74,39.36,2025-11-21 23:40:00,east,fertilizer
TXN-001512,MFG-009,DST-014,1597,15.85,2025-11-22 10:36:09,north,fertilizer
TXN-001513,MFG-012,DST-035,2019,10.2,2025-11-22 20:31:00,south,medicine
TXN-001514,DST-040,RTL-076,80,34.06,2025-11-22 21:54:14,west,fertilizer
TXN-001515,MFG-004,DST-014,3234,11.82,2025-11-23 03:14:57,central,fertilizer
TXN-001516,DST-010,RTL-015,98,30.5,2025-11-23 11:10:27,central,medicine
TXN-001517,MFG-003,DST-032,3333,50.47,2025-11-23 21:17:34,east,electronics
TXN-001518,MFG-009,DST-002,1142,4.36,2025-11-23 23:05:45,north,seeds
TXN-001519,DST-024,RTL-090,284,28.94,2025-11-24 08:24:13,central,medicine
TXN-001520,MFG-001,DST-013,611,9.74,2025-11-24 14:03:11,central,medicine
TXN-001521,DST-008,RTL-069,104,114.03,2025-11-24 15:45:56,south,electronics
TXN-001522,MFG-004,DST-036,4813,10.1,2025-11-24 19:25:16,central,fertilizer
TXN-001523,DST-025,RTL-068,301,11.5,2025-11-25 02:51:36,west,seeds
TXN-001524,DST-040,RTL-056,215,32.75,2025-11-26 00:54:54,west,fertilizer
TXN-001525,DST-024,RTL-090,100,32.11,2025-11-26 06:43:16,central,medicine
TXN-001526,DST-030,RTL-022,241,119.51,2025-11-26 09:12:50,south,electronics
TXN-001527,DST-008,RTL-074,180,119.59,2025-11-26 12:35:51,south,electronics
TXN-001528,MFG-011,DST-027,4822,49.66,2025-11-27 06:09:18,central,electronics
TXN-001529,DST-040,RTL-005,40,37.33,2025-11-27 14:05:12,west,fertilizer
TXN-001530,DST-002,RTL-052,69,8.14,2025-11-27 19:59:48,central,seeds
TXN-001531,DST-023,RTL-052,237,35.94,2025-11-27 20:43:51,central,fertilizer
TXN-001532,MFG-010,DST-010,2761,9.3,2025-11-27 22:16:17,north,medicine
TXN-001533,MFG-004,DST-009,469,9.77,2025-11-28 04:51:38,central,medicine
TXN-001534,DST-037,RTL-043,331,32.41,2025-11-28 10:38:05,west,fertilizer
TXN-001535,MFG-005,DST-006,3631,46.39,2025-11-29 00:19:19,north,electronics
TXN-001536,DST-028,RTL-077,384,22.06,2025-11-29 06:59:23,west,medicine
TXN-001537,DST-029,RTL-066,141,9.84,2025-11-29 07:44:05,east,seeds
TXN-001538,DST-032,RTL-083,150,122.18,2025-11-29 08:20:02,central,electronics
TXN-001539,MFG-005,DST-029,3666,3.26,2025-11-29 20:11:43,north,seeds
TXN-001540,DST-001,RTL-019,305,10.51,2025-11-30 02:32:35,west,seeds
TXN-001541,DST-012,RTL-061,162,22.48,2025-11-30 17:49:13,north,medicine
TXN-001542,DST-012,RTL-025,320,22.82,2025-12-01 05:00:25,north,medicine
TXN-001543,MFG-003,DST-008,1258,49.48,2025-12-01 05:27:36,east,electronics
TXN-001544,MFG-003,DST-026,2265,10.8,2025-12-01 16:16:36,east,medicine
TXN-001545,DST-012,RTL-014,359,30.66,2025-12-01 17:28:34,north,medicine
TXN-001546,DST-033,RTL-049,236,29.86,2025-12-01 23:44:13,west,fertilizer
TXN-001547,DST-025,RTL-077,110,9.89,2025-12-02 07:38:38,west,seeds
TXN-001548,MFG-004,DST-030,1093,50.64,2025-12-02 10:35:04,central,electronics
TXN-001549,DST-018,RTL-007,272,33.52,2025-12-02 12:05:23,east,fertilizer
TXN-001550,MFG-009,DST-011,3342,13.96,2025-12-02 13:41:42,north,fertilizer
TXN-001551,DST-007,RTL-044,350,30.88,2025-12-02 13:43:12,west,fertilizer
TXN-001552,MFG-003,DST-026,4607,9.25,2025-12-02 16:01:27,east,medicine
TXN-001553,DST-038,RTL-007,361,169.95,2025-12-02 16:27:48,west,electronics
TXN-001554,MFG-001,DST-003,3719,13.11,2025-12-03 00:12:35,central,fertilizer
TXN-001555,MFG-004,DST-009,964,11.9,2025-12-03 01:32:56,central,medicine
TXN-001556,DST-009,RTL-018,269,27.58,2025-12-03 14:14:17,east,medicine
TXN-001557,DST-019,RTL-012,104,11.86,2025-12-04 04:21:17,south,seeds
TXN-001558,DST-005,RTL-003,75,124.23,2025-12-04 04:34:38,east,electronics
TXN-001559,DST-017,RTL-064,362,34.44,2025-12-05 01:11:17,central,fertilizer
TXN-001560,DST-024,RTL-027,283,33.5,2025-12-05 09:45:21,central,medicine
TXN-001561,DST-024,RTL-090,316,29.43,2025-12-05 10:58:34,central,medicine
TXN-001562,MFG-004,DST-014,3194,12.41,2025-12-05 15:32:19,central,fertilizer
TXN-001563,DST-031,RTL-021,333,34.95,2025-12-05 19:43:37,north,fertilizer
TXN-001564,MFG-003,DST-028,4455,8.48,2025-12-05 20:57:35,east,medicine
TXN-001565,MFG-005,DST-033,1794,13.0,2025-12-06 14:57:17,north,fertilizer
TXN-001566,MFG-011,DST-029,722,3.55,2025-12-07 04:52:25,central,seeds
TXN-001567,DST-017,RTL-086,308,32.15,2025-12-08 00:57:38,central,fertilizer
TXN-001568,DST-026,RTL-017,337,28.74,2025-12-08 12:17:44,east,medicine
TXN-001569,MFG-003,DST-008,1575,54.15,2025-12-08 16:21:57,east,electronics
TXN-001570,DST-027,RTL-045,90,147.14,2025-12-08 17:46:30,west,electronics
TXN-001571,DST-039,RTL-015,275,8.05,2025-12-08 18:00:14,west,seeds
TXN-001572,MFG-009,DST-011,3028,12.82,2025-12-08 18:53:13,north,fertilizer
TXN-001573,MFG-011,DST-018,4322,11.0,2025-12-08 23:43:19,central,fertilizer
TXN-001574,DST-029,RTL-059,89,11.58,2025-12-09 08:29:32,east,seeds
TXN-001575,MFG-004,DST-036,827,15.32,2025-12-09 17:52:17,central,fertilizer
TXN-001576,DST-038,RTL-007,139,116.81,2025-12-10 21:12:34,west,electronics
TXN-001577,MFG-005,DST-021,1412,10.6,2025-12-10 21:18:35,north,medicine
TXN-001578,DST-018,RTL-044,322,43.22,2025-12-11 03:30:35,east,fertilizer
TXN-001579,MFG-012,DST-005,2650,47.26,2025-12-11 08:17:17,south,electronics
TXN-001580,MFG-006,DST-006,1646,59.61,2025-12-11 13:52:33,south,electronics
TXN-001581,DST-039,RTL-065,378,9.31,2025-12-12 01:33:56,west,seeds
TXN-001582,DST-005,RTL-017,273,151.82,2025-12-12 02:09:56,east,electronics
TXN-001583,DST-029,RTL-044,339,9.86,2025-12-12 03:22:04,east,seeds
TXN-001584,MFG-002,DST-017,2019,14.52,2025-12-12 08:16:36,west,fertilizer
TXN-001585,DST-015,RTL-061,343,3.5,2025-12-13 07:48:13,central,seeds
TXN-001586,MFG-011,DST-018,4193,12.57,2025-12-13 07:58:35,central,fertilizer
TXN-001587,DST-036,RTL-029,318,16.66,2025-12-13 09:26:21,south,fertilizer
TXN-001588,DST-027,RTL-017,143,176.15,2025-12-13 14:36:01,west,electronics
TXN-001589,MFG-012,DST-037,572,14.55,2025-12-13 20:32:13,south,fertilizer
TXN-001590,DST-014,RTL-025,191,35.06,2025-12-13 21:04:46,north,fertilizer
TXN-001591,MFG-001,DST-037,2063,14.45,2025-12-13 21:18:59,central,fertilizer
TXN-001592,MFG-006,DST-040,2477,12.75,2025-12-14 04:02:44,south,fertilizer
TXN-001593,DST-009,RTL-018,214,26.8,2025-12-14 05:12:57,east,medicine
TXN-001594,DST-011,RTL-027,53,38.48,2025-12-14 05:40:05,central,fertilizer
TXN-001595,DST-023,RTL-088,105,29.48,2025-12-14 21:25:11,central,fertilizer
TXN-001596,DST-039,RTL-023,208,11.75,2025-12-15 07:53:02,west,seeds
TXN-001597,MFG-005,DST-038,3286,48.31,2025-12-15 21:03:33,north,electronics
TXN-001598,MFG-007,DST-025,1341,4.12,2025-12-15 22:23:54,central,seeds
TXN-001599,DST-036,RTL-029,226,14.72,2025-12-16 06:32:46,south,fertilizer
TXN-001600,MFG-003,DST-028,2591,8.85,2025-12-16 10:15:36,east,medicine
TXN-001601,MFG-009,DST-011,3706,12.3,2025-12-17 02:42:34,north,fertilizer
TXN-001602,DST-013,RTL-036,318,29.13,2025-12-17 07:35:33,east,medicine
TXN-001603,DST-001,RTL-072,197,10.55,2025-12-17 10:13:15,west,seeds
TXN-001604,MFG-003,DST-018,873,12.87,2025-12-17 14:16:46,east,fertilizer
TXN-001605,DST-008,RTL-069,372,127.87,2025-12-17 16:09:59,south,electronics
TXN-001606,DST-036,RTL-029,103,14.89,2025-12-17 17:00:24,south,fertilizer
TXN-001607,MFG-012,DST-005,718,53.08,2025-12-18 00:34:22,south,electronics
TXN-001608,DST-019,RTL-082,306,10.01,2025-12-18 03:11:10,south,seeds
TXN-001609,MFG-007,DST-010,3132,8.6,2025-12-18 05:20:20,central,medicine
TXN-001610,MFG-003,DST-038,4835,44.13,2025-12-18 09:15:09,east,electronics
TXN-001611,MFG-010,DST-024,3963,8.51,2025-12-18 10:35:32,north,medicine
TXN-001612,MFG-009,DST-006,3885,47.14,2025-12-18 11:07:13,north,electronics
TXN-001613,DST-011,RTL-083,356,36.3,2025-12-18 16:27:37,central,fertilizer
TXN-001614,DST-024,RTL-027,309,33.06,2025-12-18 22:33:20,central,medicine
TXN-001615,MFG-002,DST-012,4298,7.93,2025-12-19 06:43:25,west,medicine
TXN-001616,DST-003,RTL-024,307,36.87,2025-12-19 09:08:47,east,fertilizer
TXN-001617,DST-028,RTL-063,174,21.62,2025-12-19 11:24:11,west,medicine
TXN-001618,MFG-007,DST-034,4597,12.23,2025-12-19 12:11:08,central,fertilizer
TXN-001619,DST-015,RTL-037,271,2.82,2025-12-19 13:31:21,central,seeds
TXN-001620,MFG-010,DST-019,3726,3.39,2025-12-19 19:27:21,north,seeds
TXN-001621,MFG-001,DST-039,1033,3.76,2025-12-19 23:33:22,central,seeds
TXN-001622,DST-036,RTL-029,249,15.54,2025-12-20 03:11:24,south,fertilizer
TXN-001623,DST-040,RTL-021,76,33.16,2025-12-20 03:46:08,west,fertilizer
TXN-001624,DST-010,RTL-086,38,21.73,2025-12-20 08:44:08,central,medicine
TXN-001625,DST-040,RTL-005,101,33.58,2025-12-20 13:37:02,west,fertilizer
TXN-001626,DST-036,RTL-029,173,17.04,2025-12-21 11:49:40,east,fertilizer
TXN-001627,DST-038,RTL-084,209,151.29,2025-12-21 19:28:02,west,electronics
TXN-001628,DST-018,RTL-033,36,36.43,2025-12-21 19:39:13,east,fertilizer
TXN-001629,MFG-005,DST-034,2337,12.35,2025-12-21 19:57:19,north,fertilizer
TXN-001630,DST-030,RTL-035,325,153.44,2025-12-21 20:09:28,south,electronics
TXN-001631,DST-007,RTL-059,189,30.72,2025-12-22 00:29:03,west,fertilizer
TXN-001632,MFG-012,DST-019,3109,3.7,2025-12-22 21:27:50,south,seeds
TXN-001633,DST-009,RTL-039,177,27.29,2025-12-22 22:09:59,east,medicine
TXN-001634,MFG-011,DST-029,1382,3.38,2025-12-23 03:07:18,central,seeds
TXN-001635,DST-022,RTL-038,301,27.5,2025-12-23 05:09:58,north,medicine
TXN-001636,MFG-012,DST-019,4839,3.39,2025-12-23 16:22:07,south,seeds
TXN-001637,DST-027,RTL-017,206,117.22,2025-12-23 17:47:07,west,electronics
TXN-001638,DST-024,RTL-082,197,32.86,2025-12-24 06:36:22,central,medicine
TXN-001639,DST-018,RTL-086,372,34.6,2025-12-24 10:58:47,east,fertilizer
TXN-001640,MFG-007,DST-010,649,11.56,2025-12-24 23:35:54,central,medicine
TXN-001641,MFG-007,DST-025,4417,3.17,2025-12-25 02:59:17,central,seeds
TXN-001642,DST-019,RTL-012,248,11.42,2025-12-25 10:54:07,south,seeds
TXN-001643,MFG-004,DST-009,4497,9.99,2025-12-25 19:00:57,central,medicine
TXN-001644,DST-039,RTL-015,378,10.31,2025-12-25 19:08:45,west,seeds
TXN-001645,DST-031,RTL-021,101,37.62,2025-12-25 19:36:49,north,fertilizer
TXN-001646,DST-033,RTL-019,287,34.78,2025-12-26 23:31:14,west,fertilizer
TXN-001647,DST-003,RTL-067,398,30.28,2025-12-27 01:04:07,east,fertilizer
TXN-001648,DST-025,RTL-035,92,9.03,2025-12-27 01:23:46,west,seeds
TXN-001649,MFG-001,DST-013,596,10.31,2025-12-27 01:48:56,central,medicine
TXN-001650,MFG-001,DST-003,3941,13.3,2025-12-27 13:45:17,central,fertilizer
TXN-001651,MFG-011,DST-027,1082,58.5,2025-12-28 02:10:34,central,electronics
TXN-001652,DST-040,RTL-073,70,38.68,2025-12-28 04:33:18,west,fertilizer
TXN-001653,MFG-006,DST-027,3484,53.87,2025-12-28 09:22:30,south,electronics
TXN-001654,DST-033,RTL-004,356,42.26,2025-12-28 10:45:56,west,fertilizer
TXN-001655,DST-009,RTL-001,140,22.02,2025-12-28 12:07:38,east,medicine
TXN-001656,MFG-010,DST-019,2043,3.81,2025-12-28 21:06:24,north,seeds
TXN-001657,DST-014,RTL-074,22,45.29,2025-12-29 05:42:02,north,fertilizer
TXN-001658,DST-032,RTL-015,123,132.05,2025-12-29 12:29:58,central,electronics
TXN-001659,DST-032,RTL-039,234,148.55,2025-12-29 14:36:26,central,electronics
TXN-001660,MFG-007,DST-025,3779,3.02,2025-12-29 20:36:41,central,seeds
TXN-001661,DST-023,RTL-088,362,32.49,2025-12-30 05:09:32,central,fertilizer
TXN-001662,MFG-001,DST-031,4026,11.94,2025-12-30 08:31:50,central,fertilizer
TXN-001663,DST-012,RTL-012,347,22.92,2025-12-30 10:38:48,north,medicine
TXN-001664,DST-027,RTL-023,103,170.13,2025-12-30 22:56:08,west,electronics
TXN-001665,DST-031,RTL-062,64,43.7,2025-12-31 16:01:27,north,fertilizer
TXN-001666,DST-025,RTL-035,132,7.83,2025-12-31 18:11:21,west,seeds
